b,max_q,offset,seed,n_questions,resolved,stop_reason,min_npt,max_npt
50,300,-0.8,99000,300,5,bank_exhausted,23,84
50,300,-0.8,99001,180,7,all_resolved,20,40
50,300,-0.8,99002,254,7,all_resolved,20,67
50,300,-0.8,99003,300,5,bank_exhausted,20,84
50,300,-0.8,99004,176,7,all_resolved,20,53
50,300,-0.8,99005,300,6,bank_exhausted,20,160
50,300,-0.8,99006,176,7,all_resolved,20,49
50,300,-0.8,99007,199,6,all_active_resolved,20,50
50,300,-0.8,99008,230,7,all_resolved,20,76
50,300,-0.8,99009,186,7,all_resolved,20,60
50,300,-0.8,99010,274,7,all_resolved,20,86
50,300,-0.8,99011,173,6,all_active_resolved,20,50
50,300,-0.8,99012,150,7,all_resolved,20,25
50,300,-0.8,99013,248,6,all_active_resolved,20,69
50,300,-0.8,99014,185,6,all_active_resolved,20,50
50,300,-0.8,99015,226,6,all_active_resolved,20,72
50,300,0.8,99016,300,3,bank_exhausted,20,75
50,300,0.8,99017,300,2,bank_exhausted,23,51
50,300,0.8,99018,300,2,bank_exhausted,31,52
50,300,0.8,99019,202,6,all_active_resolved,20,50
50,300,0.8,99020,249,6,all_active_resolved,20,50
50,300,0.8,99021,300,4,bank_exhausted,24,76
50,300,0.8,99022,300,1,bank_exhausted,31,52
50,300,0.8,99023,300,2,bank_exhausted,20,71
50,300,0.8,99024,300,4,bank_exhausted,27,59
50,300,0.8,99025,300,4,bank_exhausted,20,59
50,300,0.8,99026,300,5,bank_exhausted,20,98
50,300,0.8,99027,300,3,bank_exhausted,22,59
50,300,0.8,99028,300,2,bank_exhausted,24,55
50,300,0.8,99029,281,6,all_active_resolved,20,57
50,300,0.8,99030,300,2,bank_exhausted,20,57
50,300,0.8,99031,300,3,bank_exhausted,24,66
50,500,-0.8,99032,152,7,all_resolved,20,29
50,500,-0.8,99033,215,7,all_resolved,20,53
50,500,-0.8,99034,174,7,all_resolved,20,35
50,500,-0.8,99035,200,7,all_resolved,20,50
50,500,-0.8,99036,192,6,all_active_resolved,20,50
50,500,-0.8,99037,167,7,all_resolved,20,35
50,500,-0.8,99038,216,7,all_resolved,20,54
50,500,-0.8,99039,177,7,all_resolved,20,38
50,500,-0.8,99040,336,7,all_resolved,25,130
50,500,-0.8,99041,152,7,all_resolved,20,32
50,500,-0.8,99042,248,7,all_resolved,21,74
50,500,-0.8,99043,146,7,all_resolved,20,23
50,500,-0.8,99044,221,6,all_active_resolved,20,57
50,500,-0.8,99045,150,7,all_resolved,20,25
50,500,-0.8,99046,199,7,all_resolved,20,59
50,500,-0.8,99047,196,6,all_active_resolved,20,50
50,500,0.8,99048,262,6,all_active_resolved,20,70
50,500,0.8,99049,350,3,bank_exhausted,20,69
50,500,0.8,99050,350,5,bank_exhausted,22,95
50,500,0.8,99051,319,6,all_active_resolved,20,95
50,500,0.8,99052,350,2,bank_exhausted,33,77
50,500,0.8,99053,350,5,bank_exhausted,23,126
50,500,0.8,99054,294,6,all_active_resolved,23,79
50,500,0.8,99055,350,3,bank_exhausted,20,85
50,500,0.8,99056,213,6,all_active_resolved,20,50
50,500,0.8,99057,304,7,all_resolved,21,124
50,500,0.8,99058,269,6,all_active_resolved,21,57
50,500,0.8,99059,350,5,bank_exhausted,29,80
50,500,0.8,99060,350,3,bank_exhausted,20,90
50,500,0.8,99061,350,4,bank_exhausted,20,112
50,500,0.8,99062,283,6,all_active_resolved,20,72
50,500,0.8,99063,262,6,all_active_resolved,25,52
50,700,-0.8,99064,334,6,all_active_resolved,22,175
50,700,-0.8,99065,219,7,all_resolved,20,66
50,700,-0.8,99066,322,6,all_active_resolved,21,132
50,700,-0.8,99067,170,6,all_active_resolved,20,50
50,700,-0.8,99068,195,7,all_resolved,20,40
50,700,-0.8,99069,158,7,all_resolved,20,28
50,700,-0.8,99070,192,6,all_active_resolved,20,50
50,700,-0.8,99071,197,7,all_resolved,20,47
50,700,-0.8,99072,320,6,all_active_resolved,22,120
50,700,-0.8,99073,205,7,all_resolved,20,71
50,700,-0.8,99074,189,7,all_resolved,20,66
50,700,-0.8,99075,178,6,all_active_resolved,20,50
50,700,-0.8,99076,201,7,all_resolved,20,52
50,700,-0.8,99077,141,7,all_resolved,20,21
50,700,-0.8,99078,252,6,all_active_resolved,20,59
50,700,-0.8,99079,181,7,all_resolved,20,38
50,700,0.8,99080,350,3,bank_exhausted,20,75
50,700,0.8,99081,350,4,bank_exhausted,20,104
50,700,0.8,99082,350,3,bank_exhausted,24,84
50,700,0.8,99083,350,2,bank_exhausted,28,66
50,700,0.8,99084,350,2,bank_exhausted,23,71
50,700,0.8,99085,350,5,bank_exhausted,20,91
50,700,0.8,99086,258,7,all_resolved,21,70
50,700,0.8,99087,350,3,bank_exhausted,24,76
50,700,0.8,99088,350,5,bank_exhausted,20,123
50,700,0.8,99089,350,2,bank_exhausted,29,60
50,700,0.8,99090,350,3,bank_exhausted,24,70
50,700,0.8,99091,350,2,bank_exhausted,27,64
50,700,0.8,99092,350,3,bank_exhausted,20,98
50,700,0.8,99093,350,1,bank_exhausted,35,72
50,700,0.8,99094,350,4,bank_exhausted,27,68
50,700,0.8,99095,287,6,all_active_resolved,20,83
100,300,-0.8,99096,156,7,all_resolved,20,30
100,300,-0.8,99097,243,7,all_resolved,20,96
100,300,-0.8,99098,300,4,bank_exhausted,20,100
100,300,-0.8,99099,300,4,bank_exhausted,20,100
100,300,-0.8,99100,300,6,bank_exhausted,20,75
100,300,-0.8,99101,221,6,all_active_resolved,20,100
100,300,-0.8,99102,199,7,all_resolved,20,45
100,300,-0.8,99103,257,7,all_resolved,20,77
100,300,-0.8,99104,299,6,all_active_resolved,20,100
100,300,-0.8,99105,183,7,all_resolved,20,36
100,300,-0.8,99106,227,7,all_resolved,20,85
100,300,-0.8,99107,190,7,all_resolved,20,45
100,300,-0.8,99108,288,7,all_resolved,22,111
100,300,-0.8,99109,225,7,all_resolved,20,76
100,300,-0.8,99110,207,7,all_resolved,20,69
100,300,-0.8,99111,145,7,all_resolved,20,23
100,300,0.8,99112,300,5,bank_exhausted,20,98
100,300,0.8,99113,300,1,bank_exhausted,20,100
100,300,0.8,99114,264,7,all_resolved,26,72
100,300,0.8,99115,300,5,bank_exhausted,21,100
100,300,0.8,99116,300,4,bank_exhausted,28,57
100,300,0.8,99117,284,6,all_active_resolved,20,100
100,300,0.8,99118,300,4,bank_exhausted,20,100
100,300,0.8,99119,229,7,all_resolved,24,54
100,300,0.8,99120,300,1,bank_exhausted,21,100
100,300,0.8,99121,300,6,bank_exhausted,20,94
100,300,0.8,99122,300,3,bank_exhausted,20,100
100,300,0.8,99123,300,2,bank_exhausted,17,100
100,300,0.8,99124,300,5,bank_exhausted,21,82
100,300,0.8,99125,300,0,bank_exhausted,21,100
100,300,0.8,99126,300,1,bank_exhausted,28,100
100,300,0.8,99127,300,3,bank_exhausted,24,100
100,500,-0.8,99128,249,7,all_resolved,20,71
100,500,-0.8,99129,297,6,all_active_resolved,21,100
100,500,-0.8,99130,301,6,all_active_resolved,20,100
100,500,-0.8,99131,172,7,all_resolved,20,32
100,500,-0.8,99132,370,6,all_active_resolved,20,115
100,500,-0.8,99133,196,7,all_resolved,20,57
100,500,-0.8,99134,245,6,all_active_resolved,20,100
100,500,-0.8,99135,146,7,all_resolved,20,26
100,500,-0.8,99136,267,6,all_active_resolved,20,100
100,500,-0.8,99137,151,7,all_resolved,20,28
100,500,-0.8,99138,259,7,all_resolved,20,75
100,500,-0.8,99139,179,7,all_resolved,20,36
100,500,-0.8,99140,199,7,all_resolved,20,39
100,500,-0.8,99141,426,6,all_active_resolved,22,110
100,500,-0.8,99142,228,7,all_resolved,20,62
100,500,-0.8,99143,288,7,all_resolved,20,157
100,500,0.8,99144,391,6,all_active_resolved,20,147
100,500,0.8,99145,278,6,all_active_resolved,20,100
100,500,0.8,99146,500,6,bank_exhausted,22,202
100,500,0.8,99147,381,6,all_active_resolved,21,100
100,500,0.8,99148,206,7,all_resolved,20,50
100,500,0.8,99149,448,6,all_active_resolved,47,100
100,500,0.8,99150,395,6,all_active_resolved,25,105
100,500,0.8,99151,389,7,all_resolved,21,98
100,500,0.8,99152,354,7,all_resolved,23,98
100,500,0.8,99153,500,5,bank_exhausted,21,170
100,500,0.8,99154,500,6,bank_exhausted,25,152
100,500,0.8,99155,396,6,all_active_resolved,24,100
100,500,0.8,99156,489,7,all_resolved,32,135
100,500,0.8,99157,354,6,all_active_resolved,23,100
100,500,0.8,99158,278,7,all_resolved,20,96
100,500,0.8,99159,500,5,bank_exhausted,22,188
100,700,-0.8,99160,156,7,all_resolved,20,27
100,700,-0.8,99161,243,6,all_active_resolved,20,100
100,700,-0.8,99162,149,7,all_resolved,20,28
100,700,-0.8,99163,339,6,all_active_resolved,20,100
100,700,-0.8,99164,247,6,all_active_resolved,20,100
100,700,-0.8,99165,217,7,all_resolved,20,78
100,700,-0.8,99166,179,7,all_resolved,20,40
100,700,-0.8,99167,194,7,all_resolved,20,50
100,700,-0.8,99168,159,7,all_resolved,20,26
100,700,-0.8,99169,365,6,all_active_resolved,20,122
100,700,-0.8,99170,439,7,all_resolved,22,99
100,700,-0.8,99171,203,7,all_resolved,20,56
100,700,-0.8,99172,187,7,all_resolved,20,48
100,700,-0.8,99173,194,7,all_resolved,20,47
100,700,-0.8,99174,176,7,all_resolved,20,40
100,700,-0.8,99175,173,7,all_resolved,20,50
100,700,0.8,99176,700,5,bank_exhausted,32,315
100,700,0.8,99177,443,7,all_resolved,27,150
100,700,0.8,99178,388,7,all_resolved,23,145
100,700,0.8,99179,346,7,all_resolved,21,107
100,700,0.8,99180,216,7,all_resolved,20,63
100,700,0.8,99181,244,7,all_resolved,22,88
100,700,0.8,99182,700,5,bank_exhausted,29,223
100,700,0.8,99183,339,6,all_active_resolved,20,100
100,700,0.8,99184,700,3,bank_exhausted,32,171
100,700,0.8,99185,400,6,all_active_resolved,20,160
100,700,0.8,99186,552,6,all_active_resolved,30,146
100,700,0.8,99187,443,7,all_resolved,24,105
100,700,0.8,99188,395,6,all_active_resolved,21,139
100,700,0.8,99189,207,7,all_resolved,20,48
100,700,0.8,99190,332,6,all_active_resolved,20,100
100,700,0.8,99191,223,7,all_resolved,20,55
150,300,-0.8,99192,270,7,all_resolved,20,64
150,300,-0.8,99193,277,7,all_resolved,20,72
150,300,-0.8,99194,300,4,bank_exhausted,20,150
150,300,-0.8,99195,160,7,all_resolved,20,30
150,300,-0.8,99196,300,7,all_resolved,20,80
150,300,-0.8,99197,209,7,all_resolved,21,65
150,300,-0.8,99198,192,7,all_resolved,20,46
150,300,-0.8,99199,300,5,bank_exhausted,21,132
150,300,-0.8,99200,218,7,all_resolved,20,86
150,300,-0.8,99201,217,7,all_resolved,20,77
150,300,-0.8,99202,173,7,all_resolved,20,35
150,300,-0.8,99203,232,7,all_resolved,20,65
150,300,-0.8,99204,235,7,all_resolved,20,64
150,300,-0.8,99205,187,7,all_resolved,20,45
150,300,-0.8,99206,174,7,all_resolved,20,41
150,300,-0.8,99207,284,7,all_resolved,20,72
150,300,0.8,99208,300,4,bank_exhausted,26,67
150,300,0.8,99209,300,4,bank_exhausted,20,150
150,300,0.8,99210,244,7,all_resolved,22,85
150,300,0.8,99211,300,6,bank_exhausted,22,87
150,300,0.8,99212,300,1,bank_exhausted,19,150
150,300,0.8,99213,294,6,all_active_resolved,20,150
150,300,0.8,99214,300,6,bank_exhausted,20,94
150,300,0.8,99215,289,7,all_resolved,20,85
150,300,0.8,99216,300,0,bank_exhausted,17,150
150,300,0.8,99217,300,1,bank_exhausted,19,150
150,300,0.8,99218,300,2,bank_exhausted,17,145
150,300,0.8,99219,300,1,bank_exhausted,18,150
150,300,0.8,99220,300,4,bank_exhausted,20,112
150,300,0.8,99221,300,4,bank_exhausted,20,150
150,300,0.8,99222,300,2,bank_exhausted,19,150
150,300,0.8,99223,300,6,bank_exhausted,21,74
150,500,-0.8,99224,216,7,all_resolved,20,61
150,500,-0.8,99225,230,7,all_resolved,20,72
150,500,-0.8,99226,176,7,all_resolved,20,30
150,500,-0.8,99227,168,7,all_resolved,20,45
150,500,-0.8,99228,223,7,all_resolved,20,74
150,500,-0.8,99229,219,7,all_resolved,20,56
150,500,-0.8,99230,298,7,all_resolved,22,81
150,500,-0.8,99231,276,7,all_resolved,20,70
150,500,-0.8,99232,140,7,all_resolved,20,20
150,500,-0.8,99233,233,7,all_resolved,21,99
150,500,-0.8,99234,288,7,all_resolved,23,110
150,500,-0.8,99235,299,7,all_resolved,20,140
150,500,-0.8,99236,165,7,all_resolved,20,36
150,500,-0.8,99237,216,7,all_resolved,20,71
150,500,-0.8,99238,177,7,all_resolved,20,37
150,500,-0.8,99239,197,7,all_resolved,20,46
150,500,0.8,99240,346,7,all_resolved,27,108
150,500,0.8,99241,374,6,all_active_resolved,26,150
150,500,0.8,99242,299,7,all_resolved,27,79
150,500,0.8,99243,277,7,all_resolved,21,70
150,500,0.8,99244,461,6,all_active_resolved,20,150
150,500,0.8,99245,447,6,all_active_resolved,35,150
150,500,0.8,99246,500,5,bank_exhausted,24,150
150,500,0.8,99247,414,6,all_active_resolved,25,150
150,500,0.8,99248,466,7,all_resolved,20,111
150,500,0.8,99249,467,6,all_active_resolved,20,156
150,500,0.8,99250,320,7,all_resolved,20,92
150,500,0.8,99251,356,6,all_active_resolved,22,150
150,500,0.8,99252,410,6,all_active_resolved,21,150
150,500,0.8,99253,252,7,all_resolved,20,55
150,500,0.8,99254,406,6,all_active_resolved,20,150
150,500,0.8,99255,350,7,all_resolved,30,76
150,700,-0.8,99256,259,7,all_resolved,20,88
150,700,-0.8,99257,259,7,all_resolved,20,93
150,700,-0.8,99258,170,7,all_resolved,20,35
150,700,-0.8,99259,237,7,all_resolved,20,114
150,700,-0.8,99260,147,7,all_resolved,20,26
150,700,-0.8,99261,166,7,all_resolved,20,32
150,700,-0.8,99262,367,7,all_resolved,20,150
150,700,-0.8,99263,153,7,all_resolved,20,27
150,700,-0.8,99264,322,7,all_resolved,20,150
150,700,-0.8,99265,161,7,all_resolved,20,35
150,700,-0.8,99266,174,7,all_resolved,20,41
150,700,-0.8,99267,209,7,all_resolved,20,58
150,700,-0.8,99268,188,7,all_resolved,20,57
150,700,-0.8,99269,369,7,all_resolved,22,170
150,700,-0.8,99270,281,7,all_resolved,20,96
150,700,-0.8,99271,209,7,all_resolved,20,66
150,700,0.8,99272,322,6,all_active_resolved,20,150
150,700,0.8,99273,700,5,bank_exhausted,23,303
150,700,0.8,99274,298,7,all_resolved,20,81
150,700,0.8,99275,625,7,all_resolved,26,210
150,700,0.8,99276,433,6,all_active_resolved,20,150
150,700,0.8,99277,223,7,all_resolved,20,64
150,700,0.8,99278,409,7,all_resolved,27,180
150,700,0.8,99279,358,7,all_resolved,25,142
150,700,0.8,99280,175,7,all_resolved,20,36
150,700,0.8,99281,662,6,all_active_resolved,24,323
150,700,0.8,99282,346,6,all_active_resolved,20,150
150,700,0.8,99283,438,6,all_active_resolved,20,150
150,700,0.8,99284,505,7,all_resolved,27,170
150,700,0.8,99285,475,6,all_active_resolved,26,150
150,700,0.8,99286,286,7,all_resolved,21,71
150,700,0.8,99287,384,7,all_resolved,20,150
