session_id,K,l_level,n_min,alpha,r_star,max_consec,max_same_domain_run,max_iiic_run,n_particles,max_questions,n_questions,stop_reason,n_pass,n_fail,n_refer_borderline,n_refer_uninformative,n_pending,n_resolved,max_n_per_task,min_n_per_task,mean_n_per_task,auroc_mean,auroc_hw_mean,elapsed_s,lingering_task
C0_d1_n00,7,-1.2,20,0.25,0.3,0,20,5,300,300,146,all_resolved,0,7,0,0,0,7,26,20,20.857142857142858,0.6960225621886051,0.12258806910163998,22.954309948021546,1
C5_d1_n00,7,-1.2,20,0.25,0.3,5,20,5,300,300,146,all_resolved,0,7,0,0,0,7,26,20,20.857142857142858,0.6960225621886051,0.12258806910163998,23.37635948706884,1
C8_d1_n00,7,-1.2,20,0.25,0.3,8,20,5,300,300,146,all_resolved,0,7,0,0,0,7,26,20,20.857142857142858,0.6960225621886051,0.12258806910163998,19.07613282999955,1
C12_d1_n00,7,-1.2,20,0.25,0.3,12,20,5,300,300,146,all_resolved,0,7,0,0,0,7,26,20,20.857142857142858,0.6960225621886051,0.12258806910163998,21.197698657982983,1
C20_d1_n00,7,-1.2,20,0.25,0.3,20,20,5,300,300,146,all_resolved,0,7,0,0,0,7,26,20,20.857142857142858,0.6960225621886051,0.12258806910163998,22.164379477966577,1
C0_d1_n01,7,-1.2,20,0.25,0.3,0,30,30,300,300,178,all_resolved,1,6,0,0,0,7,58,20,25.428571428571427,0.7009574215718525,0.1098717465362972,22.295946625992656,1
C5_d1_n01,7,-1.2,20,0.25,0.3,5,20,5,300,300,155,all_resolved,0,7,0,0,0,7,34,20,22.142857142857142,0.6925794406101244,0.11889656997527617,21.24575429293327,1
C8_d1_n01,7,-1.2,20,0.25,0.3,8,20,8,300,300,185,all_resolved,1,6,0,0,0,7,61,20,26.428571428571427,0.706247933941899,0.10626226860495121,21.84223411406856,1
C12_d1_n01,7,-1.2,20,0.25,0.3,12,20,12,300,300,181,all_resolved,1,6,0,0,0,7,59,20,25.857142857142858,0.7011883001386124,0.10692290138560072,22.739133938914165,1
C20_d1_n01,7,-1.2,20,0.25,0.3,20,20,20,300,300,229,all_resolved,1,6,0,0,0,7,106,20,32.714285714285715,0.69990081916404,0.10302512322872258,26.523515171953477,1
C0_d1_n02,7,-1.2,20,0.25,0.3,0,20,4,300,300,140,all_resolved,1,6,0,0,0,7,20,20,20.0,0.6909296573692768,0.09852259347585839,20.75213946204167,1
C5_d1_n02,7,-1.2,20,0.25,0.3,5,20,4,300,300,140,all_resolved,1,6,0,0,0,7,20,20,20.0,0.6909296573692768,0.09852259347585839,21.049491879995912,1
C8_d1_n02,7,-1.2,20,0.25,0.3,8,20,4,300,300,140,all_resolved,1,6,0,0,0,7,20,20,20.0,0.6909296573692768,0.09852259347585839,18.41641152394004,1
C12_d1_n02,7,-1.2,20,0.25,0.3,12,20,4,300,300,140,all_resolved,1,6,0,0,0,7,20,20,20.0,0.6909296573692768,0.09852259347585839,19.81161928700749,1
C20_d1_n02,7,-1.2,20,0.25,0.3,20,20,4,300,300,140,all_resolved,1,6,0,0,0,7,20,20,20.0,0.6909296573692768,0.09852259347585839,20.722464596969076,1
C0_d1_n03,7,-1.2,20,0.25,0.3,0,20,10,300,300,140,all_resolved,1,6,0,0,0,7,20,20,20.0,0.7098935616997573,0.10809439714552181,22.430046333000064,1
C5_d1_n03,7,-1.2,20,0.25,0.3,5,20,5,300,300,140,all_resolved,1,6,0,0,0,7,20,20,20.0,0.7192021814538657,0.10818132997353039,21.053405462997034,1
C8_d1_n03,7,-1.2,20,0.25,0.3,8,20,8,300,300,140,all_resolved,1,6,0,0,0,7,20,20,20.0,0.7091871378213324,0.1108080818436932,22.25153947493527,1
C12_d1_n03,7,-1.2,20,0.25,0.3,12,20,10,300,300,140,all_resolved,1,6,0,0,0,7,20,20,20.0,0.7098935616997573,0.10809439714552181,21.378246444044635,1
C20_d1_n03,7,-1.2,20,0.25,0.3,20,20,10,300,300,140,all_resolved,1,6,0,0,0,7,20,20,20.0,0.7098935616997573,0.10809439714552181,22.491699354955927,1
C0_d1_n04,7,-1.2,20,0.25,0.3,0,20,4,300,300,140,all_resolved,1,6,0,0,0,7,20,20,20.0,0.7391262665536694,0.10681740113603651,16.36259544605855,1
C5_d1_n04,7,-1.2,20,0.25,0.3,5,20,4,300,300,140,all_resolved,1,6,0,0,0,7,20,20,20.0,0.7391262665536694,0.10681740113603651,20.67989434802439,1
C8_d1_n04,7,-1.2,20,0.25,0.3,8,20,4,300,300,140,all_resolved,1,6,0,0,0,7,20,20,20.0,0.7391262665536694,0.10681740113603651,23.02559516695328,1
C12_d1_n04,7,-1.2,20,0.25,0.3,12,20,4,300,300,140,all_resolved,1,6,0,0,0,7,20,20,20.0,0.7391262665536694,0.10681740113603651,23.167829304002225,1
C20_d1_n04,7,-1.2,20,0.25,0.3,20,20,4,300,300,140,all_resolved,1,6,0,0,0,7,20,20,20.0,0.7391262665536694,0.10681740113603651,22.067217507050373,1
C0_d1_n05,7,-1.2,20,0.25,0.3,0,20,5,300,300,140,all_resolved,0,7,0,0,0,7,20,20,20.0,0.7529551086151408,0.12376548078196488,21.148929108050652,1
C5_d1_n05,7,-1.2,20,0.25,0.3,5,20,5,300,300,140,all_resolved,0,7,0,0,0,7,20,20,20.0,0.7529551086151408,0.12376548078196488,20.376383538008668,1
C8_d1_n05,7,-1.2,20,0.25,0.3,8,20,5,300,300,140,all_resolved,0,7,0,0,0,7,20,20,20.0,0.7529551086151408,0.12376548078196488,20.84503443806898,1
C12_d1_n05,7,-1.2,20,0.25,0.3,12,20,5,300,300,140,all_resolved,0,7,0,0,0,7,20,20,20.0,0.7529551086151408,0.12376548078196488,23.39871434099041,1
C20_d1_n05,7,-1.2,20,0.25,0.3,20,20,5,300,300,140,all_resolved,0,7,0,0,0,7,20,20,20.0,0.7529551086151408,0.12376548078196488,22.551756107946858,1
C0_d1_n06,7,-1.2,20,0.25,0.3,0,20,5,300,300,147,all_resolved,0,7,0,0,0,7,27,20,21.0,0.7345763347805832,0.13516358981161553,21.388436594977975,1
C5_d1_n06,7,-1.2,20,0.25,0.3,5,20,5,300,300,147,all_resolved,0,7,0,0,0,7,27,20,21.0,0.7345763347805832,0.13516358981161553,21.32314056600444,1
C8_d1_n06,7,-1.2,20,0.25,0.3,8,20,5,300,300,147,all_resolved,0,7,0,0,0,7,27,20,21.0,0.7345763347805832,0.13516358981161553,23.83511763403658,1
C12_d1_n06,7,-1.2,20,0.25,0.3,12,20,5,300,300,147,all_resolved,0,7,0,0,0,7,27,20,21.0,0.7345763347805832,0.13516358981161553,23.279168830020353,1
C20_d1_n06,7,-1.2,20,0.25,0.3,20,20,5,300,300,147,all_resolved,0,7,0,0,0,7,27,20,21.0,0.7345763347805832,0.13516358981161553,20.70068728295155,1
C0_d1_n07,7,-1.2,20,0.25,0.3,0,67,67,300,300,214,all_resolved,1,6,0,0,0,7,94,20,30.571428571428573,0.6812437402359711,0.09902928219475493,22.608233169070445,1
C5_d1_n07,7,-1.2,20,0.25,0.3,5,20,5,300,300,157,all_resolved,1,6,0,0,0,7,36,20,22.428571428571427,0.6853887189012798,0.09932425868927124,21.248305337969214,1
C8_d1_n07,7,-1.2,20,0.25,0.3,8,20,8,300,300,178,all_resolved,1,6,0,0,0,7,55,20,25.428571428571427,0.6811989416366935,0.09625331048449144,22.174647583975457,1
C12_d1_n07,7,-1.2,20,0.25,0.3,12,20,12,300,300,181,all_resolved,1,6,0,0,0,7,59,20,25.857142857142858,0.6821967216833124,0.09843390229206864,22.041069086058997,1
C20_d1_n07,7,-1.2,20,0.25,0.3,20,20,20,300,300,212,all_resolved,1,6,0,0,0,7,89,20,30.285714285714285,0.6836421771281518,0.09875263631379919,23.226011727936566,1
C0_d1_n08,7,-1.2,20,0.25,0.3,0,20,4,300,300,140,all_resolved,0,7,0,0,0,7,20,20,20.0,0.6730764236366861,0.1166966659719318,19.7065920419991,1
C5_d1_n08,7,-1.2,20,0.25,0.3,5,20,4,300,300,140,all_resolved,0,7,0,0,0,7,20,20,20.0,0.6730764236366861,0.1166966659719318,19.687281572027132,1
C8_d1_n08,7,-1.2,20,0.25,0.3,8,20,4,300,300,140,all_resolved,0,7,0,0,0,7,20,20,20.0,0.6730764236366861,0.1166966659719318,20.091830475023016,1
C12_d1_n08,7,-1.2,20,0.25,0.3,12,20,4,300,300,140,all_resolved,0,7,0,0,0,7,20,20,20.0,0.6730764236366861,0.1166966659719318,21.25361834303476,1
C20_d1_n08,7,-1.2,20,0.25,0.3,20,20,4,300,300,140,all_resolved,0,7,0,0,0,7,20,20,20.0,0.6730764236366861,0.1166966659719318,20.650648701004684,1
C0_d1_n09,7,-1.2,20,0.25,0.3,0,20,4,300,300,140,all_resolved,0,7,0,0,0,7,20,20,20.0,0.6705761824295581,0.12514725117460052,21.566398228984326,1
C5_d1_n09,7,-1.2,20,0.25,0.3,5,20,4,300,300,140,all_resolved,0,7,0,0,0,7,20,20,20.0,0.6705761824295581,0.12514725117460052,22.320518720895052,1
C8_d1_n09,7,-1.2,20,0.25,0.3,8,20,4,300,300,140,all_resolved,0,7,0,0,0,7,20,20,20.0,0.6705761824295581,0.12514725117460052,21.795061329961754,1
C12_d1_n09,7,-1.2,20,0.25,0.3,12,20,4,300,300,140,all_resolved,0,7,0,0,0,7,20,20,20.0,0.6705761824295581,0.12514725117460052,16.683621413074434,1
C20_d1_n09,7,-1.2,20,0.25,0.3,20,20,4,300,300,140,all_resolved,0,7,0,0,0,7,20,20,20.0,0.6705761824295581,0.12514725117460052,20.262999526923522,1
C0_d2_n00,7,-1.2,20,0.25,0.3,0,20,7,300,300,146,all_resolved,0,7,0,0,0,7,26,20,20.857142857142858,0.7160067994262063,0.12005227296966223,21.081904546939768,2
C5_d2_n00,7,-1.2,20,0.25,0.3,5,20,5,300,300,146,all_resolved,0,7,0,0,0,7,24,20,20.857142857142858,0.7111089669181663,0.11124359882699515,20.353663492016494,2
C8_d2_n00,7,-1.2,20,0.25,0.3,8,20,7,300,300,146,all_resolved,0,7,0,0,0,7,26,20,20.857142857142858,0.7160067994262063,0.12005227296966223,21.263813465018757,2
C12_d2_n00,7,-1.2,20,0.25,0.3,12,20,7,300,300,146,all_resolved,0,7,0,0,0,7,26,20,20.857142857142858,0.7160067994262063,0.12005227296966223,20.297988825012,2
C20_d2_n00,7,-1.2,20,0.25,0.3,20,20,7,300,300,146,all_resolved,0,7,0,0,0,7,26,20,20.857142857142858,0.7160067994262063,0.12005227296966223,20.73222916200757,2
C0_d2_n01,7,-1.2,20,0.25,0.3,0,20,4,300,300,142,all_resolved,0,7,0,0,0,7,22,20,20.285714285714285,0.7246542165202509,0.13054487332715317,21.01102043397259,2
C5_d2_n01,7,-1.2,20,0.25,0.3,5,20,4,300,300,142,all_resolved,0,7,0,0,0,7,22,20,20.285714285714285,0.7246542165202509,0.13054487332715317,21.747326290002093,2
C8_d2_n01,7,-1.2,20,0.25,0.3,8,20,4,300,300,142,all_resolved,0,7,0,0,0,7,22,20,20.285714285714285,0.7246542165202509,0.13054487332715317,21.68528683995828,2
C12_d2_n01,7,-1.2,20,0.25,0.3,12,20,4,300,300,142,all_resolved,0,7,0,0,0,7,22,20,20.285714285714285,0.7246542165202509,0.13054487332715317,19.89785557903815,2
C20_d2_n01,7,-1.2,20,0.25,0.3,20,20,4,300,300,142,all_resolved,0,7,0,0,0,7,22,20,20.285714285714285,0.7246542165202509,0.13054487332715317,18.723801968968473,2
C0_d2_n02,7,-1.2,20,0.25,0.3,0,20,4,300,300,140,all_resolved,0,7,0,0,0,7,20,20,20.0,0.7021532154215702,0.11654058205256188,20.708265582914464,2
C5_d2_n02,7,-1.2,20,0.25,0.3,5,20,4,300,300,140,all_resolved,0,7,0,0,0,7,20,20,20.0,0.7021532154215702,0.11654058205256188,21.407771343016066,2
C8_d2_n02,7,-1.2,20,0.25,0.3,8,20,4,300,300,140,all_resolved,0,7,0,0,0,7,20,20,20.0,0.7021532154215702,0.11654058205256188,21.85546054597944,2
C12_d2_n02,7,-1.2,20,0.25,0.3,12,20,4,300,300,140,all_resolved,0,7,0,0,0,7,20,20,20.0,0.7021532154215702,0.11654058205256188,21.05113336397335,2
C20_d2_n02,7,-1.2,20,0.25,0.3,20,20,4,300,300,140,all_resolved,0,7,0,0,0,7,20,20,20.0,0.7021532154215702,0.11654058205256188,20.75166203698609,2
C0_d2_n03,7,-1.2,20,0.25,0.3,0,20,9,300,300,140,all_resolved,1,6,0,0,0,7,20,20,20.0,0.7180982654154506,0.10644745270437188,19.475454333005473,2
C5_d2_n03,7,-1.2,20,0.25,0.3,5,20,5,300,300,141,all_resolved,1,6,0,0,0,7,21,20,20.142857142857142,0.719114768798362,0.10284033247969566,21.990897582960315,2
C8_d2_n03,7,-1.2,20,0.25,0.3,8,20,8,300,300,141,all_resolved,1,6,0,0,0,7,21,20,20.142857142857142,0.719114768798362,0.10284033247969566,19.666728134965524,2
C12_d2_n03,7,-1.2,20,0.25,0.3,12,20,9,300,300,140,all_resolved,1,6,0,0,0,7,20,20,20.0,0.7180982654154506,0.10644745270437188,20.089739025919698,2
C20_d2_n03,7,-1.2,20,0.25,0.3,20,20,9,300,300,140,all_resolved,1,6,0,0,0,7,20,20,20.0,0.7180982654154506,0.10644745270437188,19.653484086040407,2
C0_d2_n04,7,-1.2,20,0.25,0.3,0,20,8,300,300,140,all_resolved,0,7,0,0,0,7,20,20,20.0,0.6959326173009824,0.11409205692232945,21.513429788989015,2
C5_d2_n04,7,-1.2,20,0.25,0.3,5,20,5,300,300,141,all_resolved,0,7,0,0,0,7,21,20,20.142857142857142,0.6976357078519179,0.11394634085249636,22.095815795008093,2
C8_d2_n04,7,-1.2,20,0.25,0.3,8,20,8,300,300,140,all_resolved,0,7,0,0,0,7,20,20,20.0,0.6959326173009824,0.11409205692232945,20.777127162902616,2
C12_d2_n04,7,-1.2,20,0.25,0.3,12,20,8,300,300,140,all_resolved,0,7,0,0,0,7,20,20,20.0,0.6959326173009824,0.11409205692232945,20.93205207004212,2
C20_d2_n04,7,-1.2,20,0.25,0.3,20,20,8,300,300,140,all_resolved,0,7,0,0,0,7,20,20,20.0,0.6959326173009824,0.11409205692232945,21.908549858955666,2
C0_d2_n05,7,-1.2,20,0.25,0.3,0,20,5,300,300,141,all_resolved,0,7,0,0,0,7,21,20,20.142857142857142,0.7165176295626274,0.11498338548330837,22.102867563953623,2
C5_d2_n05,7,-1.2,20,0.25,0.3,5,20,5,300,300,141,all_resolved,0,7,0,0,0,7,21,20,20.142857142857142,0.7165176295626274,0.11498338548330837,20.65322409698274,2
C8_d2_n05,7,-1.2,20,0.25,0.3,8,20,5,300,300,141,all_resolved,0,7,0,0,0,7,21,20,20.142857142857142,0.7165176295626274,0.11498338548330837,20.279690164956264,2
C12_d2_n05,7,-1.2,20,0.25,0.3,12,20,5,300,300,141,all_resolved,0,7,0,0,0,7,21,20,20.142857142857142,0.7165176295626274,0.11498338548330837,16.487525812000968,2
C20_d2_n05,7,-1.2,20,0.25,0.3,20,20,5,300,300,141,all_resolved,0,7,0,0,0,7,21,20,20.142857142857142,0.7165176295626274,0.11498338548330837,20.82306998106651,2
C0_d2_n06,7,-1.2,20,0.25,0.3,0,20,6,300,300,140,all_resolved,0,7,0,0,0,7,20,20,20.0,0.7197092431117552,0.11955353425553891,21.901818879996426,2
C5_d2_n06,7,-1.2,20,0.25,0.3,5,20,5,300,300,148,all_resolved,0,7,0,0,0,7,28,20,21.142857142857142,0.7384186855226896,0.12690793999384964,23.39000088092871,2
C8_d2_n06,7,-1.2,20,0.25,0.3,8,20,6,300,300,140,all_resolved,0,7,0,0,0,7,20,20,20.0,0.7197092431117552,0.11955353425553891,19.547468470060267,2
C12_d2_n06,7,-1.2,20,0.25,0.3,12,20,6,300,300,140,all_resolved,0,7,0,0,0,7,20,20,20.0,0.7197092431117552,0.11955353425553891,21.372328511904925,2
C20_d2_n06,7,-1.2,20,0.25,0.3,20,20,6,300,300,140,all_resolved,0,7,0,0,0,7,20,20,20.0,0.7197092431117552,0.11955353425553891,20.58815493201837,2
C0_d2_n07,7,-1.2,20,0.25,0.3,0,20,9,300,300,142,all_resolved,0,7,0,0,0,7,22,20,20.285714285714285,0.704184176697667,0.11820073601457923,20.2256318180589,2
C5_d2_n07,7,-1.2,20,0.25,0.3,5,20,5,300,300,141,all_resolved,0,7,0,0,0,7,21,20,20.142857142857142,0.6882519826301815,0.11456825980151224,20.873384868027642,2
C8_d2_n07,7,-1.2,20,0.25,0.3,8,20,8,300,300,143,all_resolved,0,7,0,0,0,7,22,20,20.428571428571427,0.7052334435149092,0.11724809239052747,21.651124024996534,2
C12_d2_n07,7,-1.2,20,0.25,0.3,12,20,9,300,300,142,all_resolved,0,7,0,0,0,7,22,20,20.285714285714285,0.704184176697667,0.11820073601457923,20.41411801299546,2
C20_d2_n07,7,-1.2,20,0.25,0.3,20,20,9,300,300,142,all_resolved,0,7,0,0,0,7,22,20,20.285714285714285,0.704184176697667,0.11820073601457923,20.625717987073585,2
C0_d2_n08,7,-1.2,20,0.25,0.3,0,20,8,300,300,140,all_resolved,0,7,0,0,0,7,20,20,20.0,0.7180663960886476,0.12451163922964217,21.41061490296852,2
C5_d2_n08,7,-1.2,20,0.25,0.3,5,20,5,300,300,141,all_resolved,0,7,0,0,0,7,21,20,20.142857142857142,0.7106833097449321,0.12251870002328012,20.593971695983782,2
C8_d2_n08,7,-1.2,20,0.25,0.3,8,20,8,300,300,140,all_resolved,0,7,0,0,0,7,20,20,20.0,0.7180663960886476,0.12451163922964217,19.92204641306307,2
C12_d2_n08,7,-1.2,20,0.25,0.3,12,20,8,300,300,140,all_resolved,0,7,0,0,0,7,20,20,20.0,0.7180663960886476,0.12451163922964217,20.62232679198496,2
C20_d2_n08,7,-1.2,20,0.25,0.3,20,20,8,300,300,140,all_resolved,0,7,0,0,0,7,20,20,20.0,0.7180663960886476,0.12451163922964217,20.22272119403351,2
C0_d2_n09,7,-1.2,20,0.25,0.3,0,20,4,300,300,140,all_resolved,0,7,0,0,0,7,20,20,20.0,0.7112979449627873,0.12004414366772183,19.3941690599313,2
C5_d2_n09,7,-1.2,20,0.25,0.3,5,20,4,300,300,140,all_resolved,0,7,0,0,0,7,20,20,20.0,0.7112979449627873,0.12004414366772183,19.505058048991486,2
C8_d2_n09,7,-1.2,20,0.25,0.3,8,20,4,300,300,140,all_resolved,0,7,0,0,0,7,20,20,20.0,0.7112979449627873,0.12004414366772183,17.694370073033497,2
C12_d2_n09,7,-1.2,20,0.25,0.3,12,20,4,300,300,140,all_resolved,0,7,0,0,0,7,20,20,20.0,0.7112979449627873,0.12004414366772183,15.734590642969124,2
C20_d2_n09,7,-1.2,20,0.25,0.3,20,20,4,300,300,140,all_resolved,0,7,0,0,0,7,20,20,20.0,0.7112979449627873,0.12004414366772183,19.323464384069666,2
C0_d3_n00,7,-1.2,20,0.25,0.3,0,101,101,300,300,247,all_resolved,1,6,0,0,0,7,127,20,35.285714285714285,0.7365511012407142,0.11098880783204017,23.240373831940815,3
C5_d3_n00,7,-1.2,20,0.25,0.3,5,20,5,300,300,208,all_resolved,1,6,0,0,0,7,78,20,29.714285714285715,0.737882764242403,0.10268534250460512,23.72407079907134,3
C8_d3_n00,7,-1.2,20,0.25,0.3,8,20,8,300,300,217,all_resolved,1,6,0,0,0,7,90,20,31.0,0.7367490096141613,0.10598263196116538,24.69365133298561,3
C12_d3_n00,7,-1.2,20,0.25,0.3,12,20,12,300,300,300,bank_exhausted,0,6,1,0,0,6,169,20,42.857142857142854,0.7319224524630978,0.10174504938739569,26.313429353991523,3
C20_d3_n00,7,-1.2,20,0.25,0.3,20,20,20,300,300,300,bank_exhausted,0,6,1,0,0,6,173,20,42.857142857142854,0.7348189479015093,0.10537533132939404,24.56626576196868,3
C0_d3_n01,7,-1.2,20,0.25,0.3,0,20,6,300,300,140,all_resolved,1,6,0,0,0,7,20,20,20.0,0.7371114492746437,0.09674111296579786,21.091550676967017,3
C5_d3_n01,7,-1.2,20,0.25,0.3,5,20,5,300,300,142,all_resolved,1,6,0,0,0,7,21,20,20.285714285714285,0.7230679048443529,0.1063284827540811,20.189705481985584,3
C8_d3_n01,7,-1.2,20,0.25,0.3,8,20,6,300,300,140,all_resolved,1,6,0,0,0,7,20,20,20.0,0.7371114492746437,0.09674111296579786,20.140188799006864,3
C12_d3_n01,7,-1.2,20,0.25,0.3,12,20,6,300,300,140,all_resolved,1,6,0,0,0,7,20,20,20.0,0.7371114492746437,0.09674111296579786,20.9872132249875,3
C20_d3_n01,7,-1.2,20,0.25,0.3,20,20,6,300,300,140,all_resolved,1,6,0,0,0,7,20,20,20.0,0.7371114492746437,0.09674111296579786,21.700065443990752,3
C0_d3_n02,7,-1.2,20,0.25,0.3,0,39,39,300,300,197,all_resolved,1,6,0,0,0,7,69,20,28.142857142857142,0.7643972748765118,0.10832786472611214,22.473562104045413,3
C5_d3_n02,7,-1.2,20,0.25,0.3,5,20,5,300,300,205,all_resolved,1,6,0,0,0,7,70,20,29.285714285714285,0.7561514294985211,0.10914859136524531,23.66422140598297,3
C8_d3_n02,7,-1.2,20,0.25,0.3,8,20,8,300,300,202,all_resolved,1,6,0,0,0,7,70,20,28.857142857142858,0.7633963230442414,0.1058433363529703,23.130475551937707,3
C12_d3_n02,7,-1.2,20,0.25,0.3,12,20,12,300,300,185,all_resolved,1,6,0,0,0,7,55,20,26.428571428571427,0.7606694099684873,0.10763623175849071,22.856356346979737,3
C20_d3_n02,7,-1.2,20,0.25,0.3,20,20,20,300,300,203,all_resolved,1,6,0,0,0,7,73,20,29.0,0.7616109677614108,0.10972948304799375,23.035413520992734,3
C0_d3_n03,7,-1.2,20,0.25,0.3,0,20,11,300,300,149,all_resolved,1,6,0,0,0,7,25,20,21.285714285714285,0.7142445077151437,0.10658139345462679,20.961076813051477,3
C5_d3_n03,7,-1.2,20,0.25,0.3,5,20,5,300,300,150,all_resolved,1,6,0,0,0,7,30,20,21.428571428571427,0.7155571655504127,0.10916942771461005,20.70399060600903,3
C8_d3_n03,7,-1.2,20,0.25,0.3,8,20,8,300,300,149,all_resolved,1,6,0,0,0,7,25,20,21.285714285714285,0.7135730739343771,0.10438886490012203,21.199470677995123,3
C12_d3_n03,7,-1.2,20,0.25,0.3,12,20,11,300,300,149,all_resolved,1,6,0,0,0,7,25,20,21.285714285714285,0.7142445077151437,0.10658139345462679,22.558549489011057,3
C20_d3_n03,7,-1.2,20,0.25,0.3,20,20,11,300,300,149,all_resolved,1,6,0,0,0,7,25,20,21.285714285714285,0.7142445077151437,0.10658139345462679,22.440212325076573,3
C0_d3_n04,7,-1.2,20,0.25,0.3,0,20,5,300,300,144,all_resolved,0,7,0,0,0,7,24,20,20.571428571428573,0.7208090603677924,0.12310603011646884,21.420411732047796,3
C5_d3_n04,7,-1.2,20,0.25,0.3,5,20,5,300,300,144,all_resolved,0,7,0,0,0,7,24,20,20.571428571428573,0.7208090603677924,0.12310603011646884,21.409418541006744,3
C8_d3_n04,7,-1.2,20,0.25,0.3,8,20,5,300,300,144,all_resolved,0,7,0,0,0,7,24,20,20.571428571428573,0.7208090603677924,0.12310603011646884,20.509578505996615,3
C12_d3_n04,7,-1.2,20,0.25,0.3,12,20,5,300,300,144,all_resolved,0,7,0,0,0,7,24,20,20.571428571428573,0.7208090603677924,0.12310603011646884,21.94344954902772,3
C20_d3_n04,7,-1.2,20,0.25,0.3,20,20,5,300,300,144,all_resolved,0,7,0,0,0,7,24,20,20.571428571428573,0.7208090603677924,0.12310603011646884,20.907690805965103,3
C0_d3_n05,7,-1.2,20,0.25,0.3,0,83,83,300,300,229,all_resolved,0,7,0,0,0,7,108,20,32.714285714285715,0.7368739359254467,0.10634964430390023,23.271272592013702,3
C5_d3_n05,7,-1.2,20,0.25,0.3,5,21,5,300,300,172,all_resolved,1,6,0,0,0,7,47,20,24.571428571428573,0.7464833086080359,0.10219532393202761,23.12709724891465,3
C8_d3_n05,7,-1.2,20,0.25,0.3,8,21,8,300,300,167,all_resolved,1,6,0,0,0,7,44,20,23.857142857142858,0.7411932518871787,0.10592472044834832,24.25186221092008,3
C12_d3_n05,7,-1.2,20,0.25,0.3,12,21,12,300,300,266,all_resolved,1,6,0,0,0,7,136,20,38.0,0.7401414036038004,0.10064276543253634,26.10961800708901,3
C20_d3_n05,7,-1.2,20,0.25,0.3,20,21,20,300,300,300,bank_exhausted,0,6,1,0,0,6,172,20,42.857142857142854,0.7409812954025056,0.10442530680858611,26.901051897904836,3
C0_d3_n06,7,-1.2,20,0.25,0.3,0,20,5,300,300,140,all_resolved,0,7,0,0,0,7,20,20,20.0,0.6743129498090076,0.10559323038021892,20.04441523703281,3
C5_d3_n06,7,-1.2,20,0.25,0.3,5,20,5,300,300,140,all_resolved,0,7,0,0,0,7,20,20,20.0,0.6743129498090076,0.10559323038021892,20.05266478494741,3
C8_d3_n06,7,-1.2,20,0.25,0.3,8,20,5,300,300,140,all_resolved,0,7,0,0,0,7,20,20,20.0,0.6743129498090076,0.10559323038021892,20.59025215904694,3
C12_d3_n06,7,-1.2,20,0.25,0.3,12,20,5,300,300,140,all_resolved,0,7,0,0,0,7,20,20,20.0,0.6743129498090076,0.10559323038021892,19.95649446209427,3
C20_d3_n06,7,-1.2,20,0.25,0.3,20,20,5,300,300,140,all_resolved,0,7,0,0,0,7,20,20,20.0,0.6743129498090076,0.10559323038021892,19.778910676948726,3
C0_d3_n07,7,-1.2,20,0.25,0.3,0,20,4,300,300,140,all_resolved,0,7,0,0,0,7,20,20,20.0,0.7019455810350278,0.11978961715431034,21.496613977942616,3
C5_d3_n07,7,-1.2,20,0.25,0.3,5,20,4,300,300,140,all_resolved,0,7,0,0,0,7,20,20,20.0,0.701945581035028,0.11978961715431034,19.235289263073355,3
C8_d3_n07,7,-1.2,20,0.25,0.3,8,20,4,300,300,140,all_resolved,0,7,0,0,0,7,20,20,20.0,0.7019455810350278,0.11978961715431034,20.344885559985414,3
C12_d3_n07,7,-1.2,20,0.25,0.3,12,20,4,300,300,140,all_resolved,0,7,0,0,0,7,20,20,20.0,0.7019455810350278,0.11978961715431034,20.447418618015945,3
C20_d3_n07,7,-1.2,20,0.25,0.3,20,20,4,300,300,140,all_resolved,0,7,0,0,0,7,20,20,20.0,0.7019455810350278,0.11978961715431034,20.465990685042925,3
C0_d3_n08,7,-1.2,20,0.25,0.3,0,20,8,300,300,140,all_resolved,0,7,0,0,0,7,20,20,20.0,0.7050612749368386,0.11729658485885748,20.17462578404229,3
C5_d3_n08,7,-1.2,20,0.25,0.3,5,20,5,300,300,140,all_resolved,0,7,0,0,0,7,20,20,20.0,0.7043702806418042,0.11860459364481184,20.255229565897025,3
C8_d3_n08,7,-1.2,20,0.25,0.3,8,20,8,300,300,140,all_resolved,0,7,0,0,0,7,20,20,20.0,0.7050612749368386,0.11729658485885748,18.909473947947845,3
C12_d3_n08,7,-1.2,20,0.25,0.3,12,20,8,300,300,140,all_resolved,0,7,0,0,0,7,20,20,20.0,0.7050612749368386,0.11729658485885748,18.97011521400418,3
C20_d3_n08,7,-1.2,20,0.25,0.3,20,20,8,300,300,140,all_resolved,0,7,0,0,0,7,20,20,20.0,0.7050612749368386,0.11729658485885748,19.59283260104712,3
C0_d3_n09,7,-1.2,20,0.25,0.3,0,145,145,300,300,300,bank_exhausted,0,6,1,0,0,6,180,20,42.857142857142854,0.6798323924837985,0.09676838803049814,24.638230070937425,3
C5_d3_n09,7,-1.2,20,0.25,0.3,5,20,5,300,300,250,all_resolved,1,6,0,0,0,7,114,20,35.714285714285715,0.6840829036453498,0.09174294533074012,23.58075714309234,3
C8_d3_n09,7,-1.2,20,0.25,0.3,8,20,8,300,300,274,all_resolved,1,6,0,0,0,7,141,20,39.142857142857146,0.6699313726411271,0.09374791864735266,23.981713977991603,3
C12_d3_n09,7,-1.2,20,0.25,0.3,12,20,12,300,300,213,all_resolved,1,6,0,0,0,7,89,20,30.428571428571427,0.6868222900034306,0.09338527413954503,23.637246752041392,3
C20_d3_n09,7,-1.2,20,0.25,0.3,20,20,20,300,300,217,all_resolved,1,6,0,0,0,7,95,20,31.0,0.6825611841677964,0.09126896290378186,23.17848128604237,3
C0_d4_n00,7,-1.2,20,0.25,0.3,0,20,7,300,300,142,all_resolved,0,7,0,0,0,7,22,20,20.285714285714285,0.7031147593897377,0.1159283526161513,20.024274341063574,4
C5_d4_n00,7,-1.2,20,0.25,0.3,5,20,5,300,300,146,all_resolved,0,7,0,0,0,7,26,20,20.857142857142858,0.7075161754081979,0.12393344760845874,21.03478352096863,4
C8_d4_n00,7,-1.2,20,0.25,0.3,8,20,7,300,300,142,all_resolved,0,7,0,0,0,7,22,20,20.285714285714285,0.7031147593897377,0.1159283526161513,22.533130486961454,4
C12_d4_n00,7,-1.2,20,0.25,0.3,12,20,7,300,300,142,all_resolved,0,7,0,0,0,7,22,20,20.285714285714285,0.7031147593897377,0.1159283526161513,22.70483860897366,4
C20_d4_n00,7,-1.2,20,0.25,0.3,20,20,7,300,300,142,all_resolved,0,7,0,0,0,7,22,20,20.285714285714285,0.7031147593897377,0.1159283526161513,17.83226125105284,4
C0_d4_n01,7,-1.2,20,0.25,0.3,0,158,158,300,300,300,bank_exhausted,0,6,1,0,0,6,178,20,42.857142857142854,0.7583508890198748,0.10697266141406805,25.699405877967365,4
C5_d4_n01,7,-1.2,20,0.25,0.3,5,20,5,300,300,171,all_resolved,1,6,0,0,0,7,45,20,24.428571428571427,0.7640519043281806,0.10731053872971305,22.213219576049596,4
C8_d4_n01,7,-1.2,20,0.25,0.3,8,20,8,300,300,300,bank_exhausted,0,6,1,0,0,6,161,20,42.857142857142854,0.7495243182337095,0.09696240316675693,23.678356116986834,4
C12_d4_n01,7,-1.2,20,0.25,0.3,12,20,12,300,300,186,all_resolved,1,6,0,0,0,7,61,20,26.571428571428573,0.7611049937178735,0.10109204315745235,23.581512597971596,4
C20_d4_n01,7,-1.2,20,0.25,0.3,20,20,20,300,300,300,bank_exhausted,0,6,1,0,0,6,171,20,42.857142857142854,0.7601123051533809,0.10128303268269641,25.05049002391752,4
C0_d4_n02,7,-1.2,20,0.25,0.3,0,20,11,300,300,154,all_resolved,0,7,0,0,0,7,34,20,22.0,0.7141213290453551,0.11030135907388008,24.82362636993639,4
C5_d4_n02,7,-1.2,20,0.25,0.3,5,20,5,300,300,150,all_resolved,0,7,0,0,0,7,29,20,21.428571428571427,0.7155119787945036,0.11229302720081648,24.10430174996145,4
C8_d4_n02,7,-1.2,20,0.25,0.3,8,20,8,300,300,154,all_resolved,0,7,0,0,0,7,33,20,22.0,0.7146826194671592,0.1122203168088168,22.145434558973648,4
C12_d4_n02,7,-1.2,20,0.25,0.3,12,20,11,300,300,154,all_resolved,0,7,0,0,0,7,34,20,22.0,0.7141213290453551,0.11030135907388008,22.212877591024153,4
C20_d4_n02,7,-1.2,20,0.25,0.3,20,20,11,300,300,154,all_resolved,0,7,0,0,0,7,34,20,22.0,0.7141213290453551,0.11030135907388008,23.693197809974663,4
C0_d4_n03,7,-1.2,20,0.25,0.3,0,20,11,300,300,140,all_resolved,0,7,0,0,0,7,20,20,20.0,0.6796643855617182,0.11008349283216785,20.72962301003281,4
C5_d4_n03,7,-1.2,20,0.25,0.3,5,20,5,300,300,142,all_resolved,0,7,0,0,0,7,22,20,20.285714285714285,0.6723681428691687,0.11096850177933111,20.03894525708165,4
C8_d4_n03,7,-1.2,20,0.25,0.3,8,20,8,300,300,141,all_resolved,0,7,0,0,0,7,21,20,20.142857142857142,0.6808692581281883,0.11016718239062226,18.82624433701858,4
C12_d4_n03,7,-1.2,20,0.25,0.3,12,20,11,300,300,140,all_resolved,0,7,0,0,0,7,20,20,20.0,0.6796643855617182,0.11008349283216785,19.745979455066845,4
C20_d4_n03,7,-1.2,20,0.25,0.3,20,20,11,300,300,140,all_resolved,0,7,0,0,0,7,20,20,20.0,0.6796643855617182,0.11008349283216785,19.949681794038042,4
C0_d4_n04,7,-1.2,20,0.25,0.3,0,20,6,300,300,140,all_resolved,0,7,0,0,0,7,20,20,20.0,0.6885932265368714,0.11783141963735774,21.82689564593602,4
C5_d4_n04,7,-1.2,20,0.25,0.3,5,20,5,300,300,300,bank_exhausted,0,6,1,0,0,6,155,20,42.857142857142854,0.6953207631550956,0.09680536424474948,26.690096284030005,4
C8_d4_n04,7,-1.2,20,0.25,0.3,8,20,6,300,300,140,all_resolved,0,7,0,0,0,7,20,20,20.0,0.6885932265368714,0.11783141963735774,20.41026479995344,4
C12_d4_n04,7,-1.2,20,0.25,0.3,12,20,6,300,300,140,all_resolved,0,7,0,0,0,7,20,20,20.0,0.6885932265368714,0.11783141963735774,21.322362879058346,4
C20_d4_n04,7,-1.2,20,0.25,0.3,20,20,6,300,300,140,all_resolved,0,7,0,0,0,7,20,20,20.0,0.6885932265368714,0.11783141963735774,22.199176506954245,4
C0_d4_n05,7,-1.2,20,0.25,0.3,0,20,6,300,300,148,all_resolved,1,6,0,0,0,7,28,20,21.142857142857142,0.7070246106881893,0.10933869041866685,23.940212070010602,4
C5_d4_n05,7,-1.2,20,0.25,0.3,5,20,5,300,300,148,all_resolved,1,6,0,0,0,7,28,20,21.142857142857142,0.7077644502107009,0.10827096903131303,22.046057504951023,4
C8_d4_n05,7,-1.2,20,0.25,0.3,8,20,6,300,300,148,all_resolved,1,6,0,0,0,7,28,20,21.142857142857142,0.7070246106881893,0.10933869041866685,22.396501609007828,4
C12_d4_n05,7,-1.2,20,0.25,0.3,12,20,6,300,300,148,all_resolved,1,6,0,0,0,7,28,20,21.142857142857142,0.7070246106881893,0.10933869041866685,22.099473604932427,4
C20_d4_n05,7,-1.2,20,0.25,0.3,20,20,6,300,300,148,all_resolved,1,6,0,0,0,7,28,20,21.142857142857142,0.7070246106881893,0.10933869041866685,22.30249414499849,4
C0_d4_n06,7,-1.2,20,0.25,0.3,0,20,9,300,300,142,all_resolved,0,7,0,0,0,7,22,20,20.285714285714285,0.6789960092652275,0.10882307814218757,18.63698434201069,4
C5_d4_n06,7,-1.2,20,0.25,0.3,5,20,5,300,300,142,all_resolved,0,7,0,0,0,7,21,20,20.285714285714285,0.68331750744013,0.11623789904468204,20.539769269991666,4
C8_d4_n06,7,-1.2,20,0.25,0.3,8,20,8,300,300,164,all_resolved,0,7,0,0,0,7,42,20,23.428571428571427,0.6927806085431172,0.11300120438045215,22.467750896001235,4
C12_d4_n06,7,-1.2,20,0.25,0.3,12,20,9,300,300,142,all_resolved,0,7,0,0,0,7,22,20,20.285714285714285,0.6789960092652275,0.10882307814218757,21.46960939199198,4
C20_d4_n06,7,-1.2,20,0.25,0.3,20,20,9,300,300,142,all_resolved,0,7,0,0,0,7,22,20,20.285714285714285,0.6789960092652275,0.10882307814218757,18.44431829394307,4
C0_d4_n07,7,-1.2,20,0.25,0.3,0,20,8,300,300,152,all_resolved,1,6,0,0,0,7,32,20,21.714285714285715,0.7419965437271274,0.10230400797948369,21.528710330021568,4
C5_d4_n07,7,-1.2,20,0.25,0.3,5,20,5,300,300,154,all_resolved,1,6,0,0,0,7,33,20,22.0,0.7396348493094319,0.10447742387806994,21.40605458104983,4
C8_d4_n07,7,-1.2,20,0.25,0.3,8,20,8,300,300,152,all_resolved,1,6,0,0,0,7,32,20,21.714285714285715,0.7419965437271274,0.10230400797948369,20.64162239606958,4
C12_d4_n07,7,-1.2,20,0.25,0.3,12,20,8,300,300,152,all_resolved,1,6,0,0,0,7,32,20,21.714285714285715,0.7419965437271274,0.10230400797948369,20.774971350096166,4
C20_d4_n07,7,-1.2,20,0.25,0.3,20,20,8,300,300,152,all_resolved,1,6,0,0,0,7,32,20,21.714285714285715,0.7419965437271274,0.10230400797948369,20.401598926982842,4
C0_d4_n08,7,-1.2,20,0.25,0.3,0,20,5,300,300,150,all_resolved,0,7,0,0,0,7,30,20,21.428571428571427,0.7256712085477981,0.12228957430343228,22.038463329081424,4
C5_d4_n08,7,-1.2,20,0.25,0.3,5,20,5,300,300,150,all_resolved,0,7,0,0,0,7,30,20,21.428571428571427,0.7256712085477981,0.12228957430343228,22.230318878078833,4
C8_d4_n08,7,-1.2,20,0.25,0.3,8,20,5,300,300,150,all_resolved,0,7,0,0,0,7,30,20,21.428571428571427,0.7256712085477981,0.12228957430343228,21.066929185995832,4
C12_d4_n08,7,-1.2,20,0.25,0.3,12,20,5,300,300,150,all_resolved,0,7,0,0,0,7,30,20,21.428571428571427,0.7256712085477981,0.12228957430343228,21.778251100098714,4
C20_d4_n08,7,-1.2,20,0.25,0.3,20,20,5,300,300,150,all_resolved,0,7,0,0,0,7,30,20,21.428571428571427,0.7256712085477981,0.12228957430343228,21.118447926011868,4
C0_d4_n09,7,-1.2,20,0.25,0.3,0,27,27,300,300,184,all_resolved,1,6,0,0,0,7,64,20,26.285714285714285,0.7122566085993071,0.10874151520961788,21.16888869390823,4
C5_d4_n09,7,-1.2,20,0.25,0.3,5,20,5,300,300,154,all_resolved,0,7,0,0,0,7,30,20,22.0,0.7449593184884632,0.12295896471503567,20.086922556045465,4
C8_d4_n09,7,-1.2,20,0.25,0.3,8,20,8,300,300,172,all_resolved,1,6,0,0,0,7,51,20,24.571428571428573,0.7082389903470331,0.1089266742699644,21.29141427995637,4
C12_d4_n09,7,-1.2,20,0.25,0.3,12,20,12,300,300,180,all_resolved,1,6,0,0,0,7,59,20,25.714285714285715,0.7142201272981203,0.1078768780067513,21.87565091799479,4
C20_d4_n09,7,-1.2,20,0.25,0.3,20,20,20,300,300,185,all_resolved,1,6,0,0,0,7,64,20,26.428571428571427,0.7136239162422233,0.10875410598670489,22.13296644203365,4
C0_d5_n00,7,-1.2,20,0.25,0.3,0,20,10,300,300,159,all_resolved,0,7,0,0,0,7,39,20,22.714285714285715,0.7196129690461762,0.10961267216922363,21.51785483106505,5
C5_d5_n00,7,-1.2,20,0.25,0.3,5,20,5,300,300,159,all_resolved,0,7,0,0,0,7,38,20,22.714285714285715,0.7199128890537717,0.10774559940241933,21.804375375970267,5
C8_d5_n00,7,-1.2,20,0.25,0.3,8,20,8,300,300,300,bank_exhausted,0,6,1,0,0,6,164,20,42.857142857142854,0.7224317771018097,0.09846693976300337,22.736993703059852,5
C12_d5_n00,7,-1.2,20,0.25,0.3,12,20,10,300,300,159,all_resolved,0,7,0,0,0,7,39,20,22.714285714285715,0.7196129690461762,0.10961267216922363,18.73256544000469,5
C20_d5_n00,7,-1.2,20,0.25,0.3,20,20,10,300,300,159,all_resolved,0,7,0,0,0,7,39,20,22.714285714285715,0.7196129690461762,0.10961267216922363,20.638191445963457,5
C0_d5_n01,7,-1.2,20,0.25,0.3,0,20,8,300,300,144,all_resolved,0,7,0,0,0,7,24,20,20.571428571428573,0.7397396256808257,0.11877152458801146,20.004494226071984,5
C5_d5_n01,7,-1.2,20,0.25,0.3,5,20,5,300,300,145,all_resolved,0,7,0,0,0,7,24,20,20.714285714285715,0.7414289577012144,0.11080565533078694,19.822725623031147,5
C8_d5_n01,7,-1.2,20,0.25,0.3,8,20,8,300,300,144,all_resolved,0,7,0,0,0,7,24,20,20.571428571428573,0.7397396256808257,0.11877152458801146,20.157520634005778,5
C12_d5_n01,7,-1.2,20,0.25,0.3,12,20,8,300,300,144,all_resolved,0,7,0,0,0,7,24,20,20.571428571428573,0.7397396256808257,0.11877152458801146,21.249224325991236,5
C20_d5_n01,7,-1.2,20,0.25,0.3,20,20,8,300,300,144,all_resolved,0,7,0,0,0,7,24,20,20.571428571428573,0.7397396256808257,0.11877152458801146,21.48425500607118,5
C0_d5_n02,7,-1.2,20,0.25,0.3,0,20,7,300,300,145,all_resolved,1,6,0,0,0,7,23,20,20.714285714285715,0.7212419502592088,0.10510011623610611,21.295819817925803,5
C5_d5_n02,7,-1.2,20,0.25,0.3,5,20,5,300,300,300,bank_exhausted,0,6,1,0,0,6,150,20,42.857142857142854,0.7314769732776597,0.10086168396897288,26.541880046017468,5
C8_d5_n02,7,-1.2,20,0.25,0.3,8,20,7,300,300,145,all_resolved,1,6,0,0,0,7,23,20,20.714285714285715,0.7212419502592088,0.10510011623610611,21.909039945923723,5
C12_d5_n02,7,-1.2,20,0.25,0.3,12,20,7,300,300,145,all_resolved,1,6,0,0,0,7,23,20,20.714285714285715,0.7212419502592088,0.10510011623610611,21.048931500990875,5
C20_d5_n02,7,-1.2,20,0.25,0.3,20,20,7,300,300,145,all_resolved,1,6,0,0,0,7,23,20,20.714285714285715,0.7212419502592088,0.10510011623610611,20.711643275921233,5
C0_d5_n03,7,-1.2,20,0.25,0.3,0,20,5,300,300,140,all_resolved,0,7,0,0,0,7,20,20,20.0,0.7110532836754324,0.12341613721612374,18.6929016020149,5
C5_d5_n03,7,-1.2,20,0.25,0.3,5,20,5,300,300,140,all_resolved,0,7,0,0,0,7,20,20,20.0,0.7110532836754324,0.12341613721612377,19.73109823500272,5
C8_d5_n03,7,-1.2,20,0.25,0.3,8,20,5,300,300,140,all_resolved,0,7,0,0,0,7,20,20,20.0,0.7110532836754324,0.12341613721612377,19.76215929107275,5
C12_d5_n03,7,-1.2,20,0.25,0.3,12,20,5,300,300,140,all_resolved,0,7,0,0,0,7,20,20,20.0,0.7110532836754324,0.12341613721612377,19.181011597043835,5
C20_d5_n03,7,-1.2,20,0.25,0.3,20,20,5,300,300,140,all_resolved,0,7,0,0,0,7,20,20,20.0,0.7110532836754324,0.12341613721612377,19.249799386016093,5
C0_d5_n04,7,-1.2,20,0.25,0.3,0,45,45,300,300,192,all_resolved,0,7,0,0,0,7,72,20,27.428571428571427,0.6999825874764651,0.10316194305377104,21.919099208083935,5
C5_d5_n04,7,-1.2,20,0.25,0.3,5,20,5,300,300,216,all_resolved,1,6,0,0,0,7,86,20,30.857142857142858,0.6987309871754704,0.09317107348477875,22.9957299369853,5
C8_d5_n04,7,-1.2,20,0.25,0.3,8,20,8,300,300,200,all_resolved,1,6,0,0,0,7,75,20,28.571428571428573,0.69811417955784,0.09465530609204394,21.742511967080645,5
C12_d5_n04,7,-1.2,20,0.25,0.3,12,20,12,300,300,192,all_resolved,0,7,0,0,0,7,69,20,27.428571428571427,0.6948100984492793,0.09816156550141593,21.716039021033794,5
C20_d5_n04,7,-1.2,20,0.25,0.3,20,20,20,300,300,190,all_resolved,0,7,0,0,0,7,68,20,27.142857142857142,0.7018609062184737,0.10221956971345213,22.15834971703589,5
C0_d5_n05,7,-1.2,20,0.25,0.3,0,20,14,300,300,140,all_resolved,1,6,0,0,0,7,20,20,20.0,0.6998995380295552,0.1044027643385991,19.728457549004816,5
C5_d5_n05,7,-1.2,20,0.25,0.3,5,20,5,300,300,142,all_resolved,1,6,0,0,0,7,22,20,20.285714285714285,0.6850472076871468,0.10023446667013618,19.682272288948298,5
C8_d5_n05,7,-1.2,20,0.25,0.3,8,20,8,300,300,141,all_resolved,1,6,0,0,0,7,21,20,20.142857142857142,0.6995004414284753,0.10400419075442621,18.87079508905299,5
C12_d5_n05,7,-1.2,20,0.25,0.3,12,20,12,300,300,141,all_resolved,1,6,0,0,0,7,21,20,20.142857142857142,0.6994724139665871,0.10440797491037146,19.177748934016563,5
C20_d5_n05,7,-1.2,20,0.25,0.3,20,20,14,300,300,140,all_resolved,1,6,0,0,0,7,20,20,20.0,0.6998995380295552,0.1044027643385991,19.23807938094251,5
C0_d5_n06,7,-1.2,20,0.25,0.3,0,20,6,300,300,144,all_resolved,0,7,0,0,0,7,24,20,20.571428571428573,0.7331445487469352,0.1165714410251297,21.720960000995547,5
C5_d5_n06,7,-1.2,20,0.25,0.3,5,20,5,300,300,148,all_resolved,0,7,0,0,0,7,27,20,21.142857142857142,0.7348701757992647,0.11778282187243108,21.336417237995192,5
C8_d5_n06,7,-1.2,20,0.25,0.3,8,20,6,300,300,144,all_resolved,0,7,0,0,0,7,24,20,20.571428571428573,0.7331445487469352,0.1165714410251297,19.51020746002905,5
C12_d5_n06,7,-1.2,20,0.25,0.3,12,20,6,300,300,144,all_resolved,0,7,0,0,0,7,24,20,20.571428571428573,0.7331445487469352,0.1165714410251297,22.2452743279282,5
C20_d5_n06,7,-1.2,20,0.25,0.3,20,20,6,300,300,144,all_resolved,0,7,0,0,0,7,24,20,20.571428571428573,0.7331445487469352,0.1165714410251297,21.057694324990734,5
C0_d5_n07,7,-1.2,20,0.25,0.3,0,20,6,300,300,157,all_resolved,0,7,0,0,0,7,36,20,22.428571428571427,0.7415631636569516,0.11256923458386416,21.088435283047147,5
C5_d5_n07,7,-1.2,20,0.25,0.3,5,20,5,300,300,144,all_resolved,0,7,0,0,0,7,24,20,20.571428571428573,0.7431173220179775,0.120789863230076,20.312703381991014,5
C8_d5_n07,7,-1.2,20,0.25,0.3,8,20,6,300,300,157,all_resolved,0,7,0,0,0,7,36,20,22.428571428571427,0.7415631636569516,0.11256923458386416,20.894016262958758,5
C12_d5_n07,7,-1.2,20,0.25,0.3,12,20,6,300,300,157,all_resolved,0,7,0,0,0,7,36,20,22.428571428571427,0.7415631636569516,0.11256923458386416,21.154946752008982,5
C20_d5_n07,7,-1.2,20,0.25,0.3,20,20,6,300,300,157,all_resolved,0,7,0,0,0,7,36,20,22.428571428571427,0.7415631636569516,0.11256923458386416,19.459822430973873,5
C0_d5_n08,7,-1.2,20,0.25,0.3,0,20,9,300,300,140,all_resolved,0,7,0,0,0,7,20,20,20.0,0.6966580454131327,0.11763033083637665,19.454720566049218,5
C5_d5_n08,7,-1.2,20,0.25,0.3,5,20,5,300,300,141,all_resolved,0,7,0,0,0,7,21,20,20.142857142857142,0.6984019806129248,0.11702566747573369,19.66207939304877,5
C8_d5_n08,7,-1.2,20,0.25,0.3,8,20,8,300,300,141,all_resolved,0,7,0,0,0,7,21,20,20.142857142857142,0.69840434541232,0.11702850653582964,18.841049624956213,5
C12_d5_n08,7,-1.2,20,0.25,0.3,12,20,9,300,300,140,all_resolved,0,7,0,0,0,7,20,20,20.0,0.6966580454131327,0.11763033083637665,19.01126507599838,5
C20_d5_n08,7,-1.2,20,0.25,0.3,20,20,9,300,300,140,all_resolved,0,7,0,0,0,7,20,20,20.0,0.6966580454131327,0.11763033083637665,19.30935195600614,5
C0_d5_n09,7,-1.2,20,0.25,0.3,0,154,154,300,300,300,bank_exhausted,0,6,1,0,0,6,180,20,42.857142857142854,0.7066991175121202,0.10407056059137774,20.989118793047965,5
C5_d5_n09,7,-1.2,20,0.25,0.3,5,20,5,300,300,204,all_resolved,0,7,0,0,0,7,75,20,29.142857142857142,0.7022764414307934,0.09957168227480968,24.942341092973948,5
C8_d5_n09,7,-1.2,20,0.25,0.3,8,20,8,300,300,300,bank_exhausted,0,6,1,0,0,6,163,20,42.857142857142854,0.7042060362236946,0.09921783760327088,20.667703105020337,5
C12_d5_n09,7,-1.2,20,0.25,0.3,12,20,12,300,300,178,all_resolved,0,7,0,0,0,7,56,20,25.428571428571427,0.7029508329717661,0.10772914671130097,23.929398413049057,5
C20_d5_n09,7,-1.2,20,0.25,0.3,20,20,20,300,300,180,all_resolved,1,6,0,0,0,7,59,20,25.714285714285715,0.7125335095754056,0.10486950505785446,20.014426687033847,5
C0_d6_n00,7,-1.2,20,0.25,0.3,0,50,7,300,300,183,all_resolved,0,7,0,0,0,7,50,20,26.142857142857142,0.7145867030420691,0.10481104259700798,23.314028128050268,6
C5_d6_n00,7,-1.2,20,0.25,0.3,5,50,5,300,300,172,all_resolved,0,7,0,0,0,7,50,20,24.571428571428573,0.7132253959169611,0.11126735937901115,19.208638628944755,6
C8_d6_n00,7,-1.2,20,0.25,0.3,8,50,7,300,300,183,all_resolved,0,7,0,0,0,7,50,20,26.142857142857142,0.7145867030420691,0.10481104259700798,21.090168777969666,6
C12_d6_n00,7,-1.2,20,0.25,0.3,12,50,7,300,300,183,all_resolved,0,7,0,0,0,7,50,20,26.142857142857142,0.7145867030420691,0.10481104259700798,20.131897791987285,6
C20_d6_n00,7,-1.2,20,0.25,0.3,20,50,7,300,300,183,all_resolved,0,7,0,0,0,7,50,20,26.142857142857142,0.7145867030420691,0.10481104259700798,23.091070152935572,6
C0_d6_n01,7,-1.2,20,0.25,0.3,0,20,5,300,300,140,all_resolved,1,6,0,0,0,7,20,20,20.0,0.722208885451402,0.10387919186024876,17.692959284060635,6
C5_d6_n01,7,-1.2,20,0.25,0.3,5,20,5,300,300,140,all_resolved,1,6,0,0,0,7,20,20,20.0,0.722208885451402,0.10387919186024876,21.10023387800902,6
C8_d6_n01,7,-1.2,20,0.25,0.3,8,20,5,300,300,140,all_resolved,1,6,0,0,0,7,20,20,20.0,0.722208885451402,0.10387919186024876,17.80758021492511,6
C12_d6_n01,7,-1.2,20,0.25,0.3,12,20,5,300,300,140,all_resolved,1,6,0,0,0,7,20,20,20.0,0.722208885451402,0.10387919186024876,22.007111729006283,6
C20_d6_n01,7,-1.2,20,0.25,0.3,20,20,5,300,300,140,all_resolved,1,6,0,0,0,7,20,20,20.0,0.722208885451402,0.10387919186024876,18.7988152729813,6
C0_d6_n02,7,-1.2,20,0.25,0.3,0,20,11,300,300,140,all_resolved,0,7,0,0,0,7,20,20,20.0,0.7276336651556233,0.114884477575678,18.773444628925063,6
C5_d6_n02,7,-1.2,20,0.25,0.3,5,20,5,300,300,142,all_resolved,0,7,0,0,0,7,21,20,20.285714285714285,0.730006935915412,0.11797377305025285,17.382626014063135,6
C8_d6_n02,7,-1.2,20,0.25,0.3,8,20,8,300,300,141,all_resolved,0,7,0,0,0,7,21,20,20.142857142857142,0.7283735576242315,0.1146307642421707,20.657007244066335,6
C12_d6_n02,7,-1.2,20,0.25,0.3,12,20,11,300,300,140,all_resolved,0,7,0,0,0,7,20,20,20.0,0.7276336651556233,0.114884477575678,17.42705210496206,6
C20_d6_n02,7,-1.2,20,0.25,0.3,20,20,11,300,300,140,all_resolved,0,7,0,0,0,7,20,20,20.0,0.7276336651556233,0.114884477575678,22.210640779929236,6
C0_d6_n03,7,-1.2,20,0.25,0.3,0,20,6,300,300,147,all_resolved,0,7,0,0,0,7,27,20,21.0,0.7240380262823797,0.11732591688173387,17.880338842980564,6
C5_d6_n03,7,-1.2,20,0.25,0.3,5,20,5,300,300,146,all_resolved,1,6,0,0,0,7,26,20,20.857142857142858,0.7271501706239417,0.10372579409576108,21.45355888805352,6
C8_d6_n03,7,-1.2,20,0.25,0.3,8,20,6,300,300,147,all_resolved,0,7,0,0,0,7,27,20,21.0,0.7240380262823797,0.11732591688173387,18.053158164024353,6
C12_d6_n03,7,-1.2,20,0.25,0.3,12,20,6,300,300,147,all_resolved,0,7,0,0,0,7,27,20,21.0,0.7240380262823797,0.11732591688173387,22.72837459598668,6
C20_d6_n03,7,-1.2,20,0.25,0.3,20,20,6,300,300,147,all_resolved,0,7,0,0,0,7,27,20,21.0,0.7240380262823797,0.11732591688173387,15.991903034038842,6
C0_d6_n04,7,-1.2,20,0.25,0.3,0,20,4,300,300,141,all_resolved,0,7,0,0,0,7,21,20,20.142857142857142,0.7245403999573391,0.12545009918655875,23.594024413032457,6
C5_d6_n04,7,-1.2,20,0.25,0.3,5,20,4,300,300,141,all_resolved,0,7,0,0,0,7,21,20,20.142857142857142,0.7245403999573391,0.12545009918655875,16.404224565951154,6
C8_d6_n04,7,-1.2,20,0.25,0.3,8,20,4,300,300,141,all_resolved,0,7,0,0,0,7,21,20,20.142857142857142,0.7245403999573391,0.12545009918655875,20.746230014949106,6
C12_d6_n04,7,-1.2,20,0.25,0.3,12,20,4,300,300,141,all_resolved,0,7,0,0,0,7,21,20,20.142857142857142,0.7245403999573391,0.12545009918655875,17.167216719011776,6
C20_d6_n04,7,-1.2,20,0.25,0.3,20,20,4,300,300,141,all_resolved,0,7,0,0,0,7,21,20,20.142857142857142,0.7245403999573391,0.12545009918655875,21.821561665041372,6
C0_d6_n05,7,-1.2,20,0.25,0.3,0,153,153,300,300,300,bank_exhausted,0,6,1,0,0,6,180,20,42.857142857142854,0.67317619355648,0.09548647946462688,17.517876022029668,6
C5_d6_n05,7,-1.2,20,0.25,0.3,5,20,5,300,300,300,bank_exhausted,0,6,1,0,0,6,155,20,42.857142857142854,0.679334155015759,0.09490501908398873,20.10278130392544,6
C8_d6_n05,7,-1.2,20,0.25,0.3,8,20,8,300,300,300,bank_exhausted,0,6,1,0,0,6,163,20,42.857142857142854,0.6752044718894007,0.0889138707889601,11.03122472402174,6
C12_d6_n05,7,-1.2,20,0.25,0.3,12,20,12,300,300,219,all_resolved,1,6,0,0,0,7,94,20,31.285714285714285,0.676184827496014,0.09568758649970759,17.24981498590205,6
C20_d6_n05,7,-1.2,20,0.25,0.3,20,20,20,300,300,245,all_resolved,1,6,0,0,0,7,121,20,35.0,0.6706766827232559,0.08974281867873975,10.127885520923883,6
C0_d6_n06,7,-1.2,20,0.25,0.3,0,20,4,300,300,141,all_resolved,1,6,0,0,0,7,21,20,20.142857142857142,0.7160250392943787,0.11038658787851896,13.416847708984278,6
C5_d6_n06,7,-1.2,20,0.25,0.3,5,20,4,300,300,141,all_resolved,1,6,0,0,0,7,21,20,20.142857142857142,0.7160250392943787,0.11038658787851896,8.241654042038135,6
C8_d6_n06,7,-1.2,20,0.25,0.3,8,20,4,300,300,141,all_resolved,1,6,0,0,0,7,21,20,20.142857142857142,0.7160250392943787,0.11038658787851896,12.48521556390915,6
C12_d6_n06,7,-1.2,20,0.25,0.3,12,20,4,300,300,141,all_resolved,1,6,0,0,0,7,21,20,20.142857142857142,0.7160250392943787,0.11038658787851896,7.9718982870690525,6
C20_d6_n06,7,-1.2,20,0.25,0.3,20,20,4,300,300,141,all_resolved,1,6,0,0,0,7,21,20,20.142857142857142,0.7160250392943787,0.11038658787851896,11.957577396999113,6
C0_d6_n07,7,-1.2,20,0.25,0.3,0,20,5,300,300,140,all_resolved,0,7,0,0,0,7,20,20,20.0,0.694626820938863,0.11732801697265471,8.051644593011588,6
C5_d6_n07,7,-1.2,20,0.25,0.3,5,20,5,300,300,140,all_resolved,0,7,0,0,0,7,20,20,20.0,0.694626820938863,0.11732801697265471,10.962303905049339,6
C8_d6_n07,7,-1.2,20,0.25,0.3,8,20,5,300,300,140,all_resolved,0,7,0,0,0,7,20,20,20.0,0.694626820938863,0.11732801697265471,8.082168531953357,6
C12_d6_n07,7,-1.2,20,0.25,0.3,12,20,5,300,300,140,all_resolved,0,7,0,0,0,7,20,20,20.0,0.694626820938863,0.11732801697265471,10.44640386395622,6
C20_d6_n07,7,-1.2,20,0.25,0.3,20,20,5,300,300,140,all_resolved,0,7,0,0,0,7,20,20,20.0,0.694626820938863,0.11732801697265471,8.666882201912813,6
C0_d6_n08,7,-1.2,20,0.25,0.3,0,20,13,300,300,154,all_resolved,1,6,0,0,0,7,34,20,22.0,0.7157175515948039,0.11543279887466976,12.180845253984444,6
C5_d6_n08,7,-1.2,20,0.25,0.3,5,20,5,300,300,260,all_resolved,1,6,0,0,0,7,121,20,37.142857142857146,0.714318040244801,0.10296969401803126,11.58413875696715,6
C8_d6_n08,7,-1.2,20,0.25,0.3,8,20,8,300,300,155,all_resolved,1,6,0,0,0,7,34,20,22.142857142857142,0.7171616836576329,0.11517519421112117,11.980508586973883,6
C12_d6_n08,7,-1.2,20,0.25,0.3,12,20,12,300,300,155,all_resolved,1,6,0,0,0,7,34,20,22.142857142857142,0.7171616836576329,0.11517519421112117,8.657681173062883,6
C20_d6_n08,7,-1.2,20,0.25,0.3,20,20,13,300,300,154,all_resolved,1,6,0,0,0,7,34,20,22.0,0.7157175515948039,0.11543279887466976,11.35519990103785,6
C0_d6_n09,7,-1.2,20,0.25,0.3,0,20,6,300,300,142,all_resolved,0,7,0,0,0,7,22,20,20.285714285714285,0.7003824663178749,0.11438258370851674,8.504801037022844,6
C5_d6_n09,7,-1.2,20,0.25,0.3,5,20,5,300,300,280,all_resolved,1,6,0,0,0,7,138,20,40.0,0.7151236056496123,0.10260894621208705,14.178261231048964,6
C8_d6_n09,7,-1.2,20,0.25,0.3,8,20,6,300,300,142,all_resolved,0,7,0,0,0,7,22,20,20.285714285714285,0.7003824663178749,0.11438258370851674,8.594631138956174,6
C12_d6_n09,7,-1.2,20,0.25,0.3,12,20,6,300,300,142,all_resolved,0,7,0,0,0,7,22,20,20.285714285714285,0.7003824663178749,0.11438258370851674,10.815139596001245,6
C20_d6_n09,7,-1.2,20,0.25,0.3,20,20,6,300,300,142,all_resolved,0,7,0,0,0,7,22,20,20.285714285714285,0.7003824663178749,0.11438258370851674,8.48742405907251,6
