cat,noise,level,rep,n_questions,stop_reason,all_resolved,clear,false_pass,false_pass_n,false_fail,false_fail_n,skill_err
1,A,-0.5,0,140,all_resolved,1,1,0,7,0,0,0.28745049676558826
2,A,-0.5,0,159,all_resolved,1,1,0,7,0,0,0.2904840214986954
3,A,-0.5,0,140,all_resolved,1,1,0,7,0,0,0.2441053702787866
5,A,-0.5,0,140,all_resolved,1,1,0,7,0,0,0.2064594793208022
8,A,-0.5,0,140,all_resolved,1,1,0,7,0,0,0.31433731890660305
10,A,-0.5,0,140,all_resolved,1,1,0,7,0,0,0.33388659920248803
1,A,-0.5,1,140,all_resolved,1,1,0,7,0,0,0.3866466586377167
2,A,-0.5,1,144,all_resolved,1,1,0,7,0,0,0.20837696849617146
3,A,-0.5,1,143,all_resolved,1,1,0,7,0,0,0.11823870076770633
5,A,-0.5,1,140,all_resolved,1,1,0,7,0,0,0.4455393800797957
8,A,-0.5,1,140,all_resolved,1,1,0,7,0,0,0.24917547400091003
10,A,-0.5,1,140,all_resolved,1,1,0,7,0,0,0.23171120130628742
1,A,-0.5,2,155,all_resolved,1,1,0,7,0,0,0.3876785500859131
2,A,-0.5,2,196,all_resolved,1,1,0,7,0,0,0.34442719537442584
3,A,-0.5,2,140,all_resolved,1,1,0,7,0,0,0.2924218051983741
5,A,-0.5,2,150,all_resolved,1,1,0,7,0,0,0.29543944619277607
8,A,-0.5,2,141,all_resolved,1,1,0,7,0,0,0.19667889910876343
10,A,-0.5,2,150,all_resolved,1,1,0,7,0,0,0.32724138430058997
1,A,-0.5,3,161,all_resolved,1,1,0,7,0,0,0.29468816779708146
2,A,-0.5,3,160,all_resolved,1,1,0,7,0,0,0.24431919152497245
3,A,-0.5,3,168,all_resolved,1,1,0,7,0,0,0.3379934536414416
5,A,-0.5,3,140,all_resolved,1,1,0,7,0,0,0.23163948805772905
8,A,-0.5,3,140,all_resolved,1,1,0,7,0,0,0.18251697911430767
10,A,-0.5,3,143,all_resolved,1,1,0,7,0,0,0.25505619415575825
1,A,-0.5,4,140,all_resolved,1,1,0,7,0,0,0.24052922046879782
2,A,-0.5,4,146,all_resolved,1,1,0,7,0,0,0.26021056814909815
3,A,-0.5,4,140,all_resolved,1,1,0,7,0,0,0.2829359752336412
5,A,-0.5,4,140,all_resolved,1,1,0,7,0,0,0.31264273450203106
8,A,-0.5,4,200,all_active_resolved,0,1,0,7,0,0,0.367972084108071
10,A,-0.5,4,177,all_resolved,1,1,2,7,0,0,0.5548368053419097
1,A,-0.5,5,205,all_resolved,1,1,1,7,0,0,0.47859133273235527
2,A,-0.5,5,173,all_resolved,1,1,0,7,0,0,0.4378007508836836
3,A,-0.5,5,174,all_resolved,1,1,1,7,0,0,0.4219078402511484
5,A,-0.5,5,157,all_resolved,1,1,0,7,0,0,0.35425949002479706
8,A,-0.5,5,151,all_resolved,1,1,0,7,0,0,0.287195806890818
10,A,-0.5,5,158,all_resolved,1,1,0,7,0,0,0.2816782178913226
1,A,-0.5,6,180,all_active_resolved,0,1,0,7,0,0,0.5145260773709309
2,A,-0.5,6,153,all_resolved,1,1,0,7,0,0,0.40749622079518044
3,A,-0.5,6,195,all_active_resolved,0,1,0,7,0,0,0.43475839603464167
5,A,-0.5,6,180,all_active_resolved,0,1,0,7,0,0,0.46251990645345104
8,A,-0.5,6,186,all_active_resolved,0,1,0,7,0,0,0.4783219001140016
10,A,-0.5,6,177,all_resolved,1,1,0,7,0,0,0.28677891093477903
1,A,-0.5,7,145,all_resolved,1,1,0,7,0,0,0.3299827532231974
2,A,-0.5,7,196,all_resolved,1,1,0,7,0,0,0.21189786173930145
3,A,-0.5,7,140,all_resolved,1,1,0,7,0,0,0.2608895642459739
5,A,-0.5,7,140,all_resolved,1,1,0,7,0,0,0.2643457884069292
8,A,-0.5,7,140,all_resolved,1,1,0,7,0,0,0.3645417199983067
10,A,-0.5,7,143,all_resolved,1,1,1,7,0,0,0.4777809595837783
1,A,-0.5,8,180,all_active_resolved,0,1,0,7,0,0,0.3680099117680239
2,A,-0.5,8,140,all_resolved,1,1,0,7,0,0,0.42228374296755566
3,A,-0.5,8,144,all_resolved,1,1,0,7,0,0,0.29890675101281783
5,A,-0.5,8,140,all_resolved,1,1,0,7,0,0,0.24293669567473744
8,A,-0.5,8,154,all_resolved,1,1,0,7,0,0,0.2572241900952324
10,A,-0.5,8,148,all_resolved,1,1,0,7,0,0,0.2564743731008902
1,A,-0.5,9,154,all_resolved,1,1,0,7,0,0,0.3051453203321021
2,A,-0.5,9,144,all_resolved,1,1,0,7,0,0,0.2444338400652202
3,A,-0.5,9,180,all_active_resolved,0,1,0,7,0,0,0.3505532841867399
5,A,-0.5,9,166,all_resolved,1,1,0,7,0,0,0.23107139027859921
8,A,-0.5,9,149,all_resolved,1,1,0,7,0,0,0.32966884225511056
10,A,-0.5,9,193,all_active_resolved,0,1,0,7,0,0,0.4726304825519016
1,A,-0.5,10,140,all_resolved,1,1,0,7,0,0,0.19911913433367673
2,A,-0.5,10,210,all_active_resolved,0,1,0,7,0,0,0.35055523011061457
3,A,-0.5,10,176,all_resolved,1,1,0,7,0,0,0.2564955044610973
5,A,-0.5,10,148,all_resolved,1,1,0,7,0,0,0.31561876811194284
8,A,-0.5,10,148,all_resolved,1,1,0,7,0,0,0.22427828129162158
10,A,-0.5,10,142,all_resolved,1,1,0,7,0,0,0.22743689899081357
1,A,-0.5,11,140,all_resolved,1,1,0,7,0,0,0.45700233504468685
2,A,-0.5,11,180,all_resolved,1,1,0,7,0,0,0.3565456599980673
3,A,-0.5,11,300,bank_exhausted,0,1,0,7,0,0,0.3552953756801525
5,A,-0.5,11,142,all_resolved,1,1,1,7,0,0,0.42556854610080325
8,A,-0.5,11,144,all_resolved,1,1,1,7,0,0,0.4335475451062374
10,A,-0.5,11,140,all_resolved,1,1,0,7,0,0,0.33703628257909085
1,A,-0.5,12,158,all_resolved,1,1,0,7,0,0,0.23251825770996087
2,A,-0.5,12,153,all_resolved,1,1,1,7,0,0,0.5166340129668
3,A,-0.5,12,165,all_resolved,1,1,1,7,0,0,0.45589947427462674
5,A,-0.5,12,148,all_resolved,1,1,0,7,0,0,0.3098006192558289
8,A,-0.5,12,159,all_resolved,1,1,0,7,0,0,0.3229313220005449
10,A,-0.5,12,192,all_active_resolved,0,1,0,7,0,0,0.4438697270571693
1,A,-0.5,13,140,all_resolved,1,1,0,7,0,0,0.30179040666184853
2,A,-0.5,13,210,all_resolved,1,1,0,7,0,0,0.31696970872669306
3,A,-0.5,13,148,all_resolved,1,1,0,7,0,0,0.2190394731263567
5,A,-0.5,13,141,all_resolved,1,1,0,7,0,0,0.22540526588229853
8,A,-0.5,13,151,all_resolved,1,1,0,7,0,0,0.25597956430566304
10,A,-0.5,13,151,all_resolved,1,1,1,7,0,0,0.49997770538905123
1,A,-0.5,14,140,all_resolved,1,1,0,7,0,0,0.1756148123425236
2,A,-0.5,14,155,all_resolved,1,1,0,7,0,0,0.374918939786599
3,A,-0.5,14,140,all_resolved,1,1,0,7,0,0,0.2441925855049212
5,A,-0.5,14,162,all_resolved,1,1,0,7,0,0,0.3518097386516809
8,A,-0.5,14,199,all_resolved,1,1,0,7,0,0,0.35556194708914685
10,A,-0.5,14,141,all_resolved,1,1,0,7,0,0,0.19572255031528066
1,A,-0.5,15,180,all_active_resolved,0,1,0,7,0,0,0.32995438735006405
2,A,-0.5,15,157,all_resolved,1,1,0,7,0,0,0.28319799725310035
3,A,-0.5,15,141,all_resolved,1,1,1,7,0,0,0.38705474487509306
5,A,-0.5,15,181,all_resolved,1,1,0,7,0,0,0.4625968199454121
8,A,-0.5,15,141,all_resolved,1,1,0,7,0,0,0.27250129680334945
10,A,-0.5,15,149,all_resolved,1,1,0,7,0,0,0.30060260256616467
1,A,-0.5,16,163,all_resolved,1,1,0,7,0,0,0.25300882002682434
2,A,-0.5,16,140,all_resolved,1,1,0,7,0,0,0.21244404837092393
3,A,-0.5,16,152,all_resolved,1,1,0,7,0,0,0.34665000145094255
5,A,-0.5,16,140,all_resolved,1,1,0,7,0,0,0.22984804960563707
8,A,-0.5,16,140,all_resolved,1,1,1,7,0,0,0.5175328230501404
10,A,-0.5,16,149,all_resolved,1,1,0,7,0,0,0.2564510747249601
1,A,-0.5,17,141,all_resolved,1,1,0,7,0,0,0.3158896839478339
2,A,-0.5,17,167,all_resolved,1,1,0,7,0,0,0.33085646739270774
3,A,-0.5,17,162,all_resolved,1,1,0,7,0,0,0.5348337882680416
5,A,-0.5,17,148,all_resolved,1,1,0,7,0,0,0.30785287930307753
8,A,-0.5,17,190,all_active_resolved,0,1,0,7,0,0,0.30044288836076777
10,A,-0.5,17,140,all_resolved,1,1,0,7,0,0,0.2979873962868261
1,A,-0.5,18,166,all_resolved,1,1,0,7,0,0,0.3191884081269626
2,A,-0.5,18,140,all_resolved,1,1,0,7,0,0,0.3615293431178242
3,A,-0.5,18,172,all_resolved,1,1,1,7,0,0,0.6183786034581885
5,A,-0.5,18,144,all_resolved,1,1,0,7,0,0,0.3494743240913486
8,A,-0.5,18,163,all_resolved,1,1,0,7,0,0,0.38474395857280824
10,A,-0.5,18,143,all_resolved,1,1,0,7,0,0,0.32684793123730765
1,A,-0.5,19,160,all_resolved,1,1,0,7,0,0,0.41165691646820307
2,A,-0.5,19,184,all_resolved,1,1,0,7,0,0,0.23390751445597233
3,A,-0.5,19,140,all_resolved,1,1,0,7,0,0,0.2458275881585506
5,A,-0.5,19,142,all_resolved,1,1,0,7,0,0,0.1946253806276322
8,A,-0.5,19,140,all_resolved,1,1,0,7,0,0,0.28108146820070967
10,A,-0.5,19,180,all_active_resolved,0,1,0,7,0,0,0.3430307321157117
1,A,-0.5,20,262,all_resolved,1,1,0,7,0,0,0.27883443837173066
2,A,-0.5,20,207,all_resolved,1,1,0,7,0,0,0.2940575137208777
3,A,-0.5,20,182,all_active_resolved,0,1,0,7,0,0,0.296709415283913
5,A,-0.5,20,145,all_resolved,1,1,1,7,0,0,0.5394741185806419
8,A,-0.5,20,150,all_resolved,1,1,0,7,0,0,0.28759290313782987
10,A,-0.5,20,180,all_active_resolved,0,1,0,7,0,0,0.44300987515140317
1,A,-0.5,21,152,all_resolved,1,1,0,7,0,0,0.2835514508430637
2,A,-0.5,21,142,all_resolved,1,1,0,7,0,0,0.27427355070858966
3,A,-0.5,21,143,all_resolved,1,1,0,7,0,0,0.3541835746366205
5,A,-0.5,21,140,all_resolved,1,1,0,7,0,0,0.22362086619364846
8,A,-0.5,21,180,all_active_resolved,0,1,0,7,0,0,0.2670760391787349
10,A,-0.5,21,210,all_active_resolved,0,1,0,7,0,0,0.2699286559831074
1,A,-0.5,22,174,all_resolved,1,1,0,7,0,0,0.3088966441685357
2,A,-0.5,22,141,all_resolved,1,1,0,7,0,0,0.2765915475632316
3,A,-0.5,22,140,all_resolved,1,1,0,7,0,0,0.4076970019611546
5,A,-0.5,22,140,all_resolved,1,1,0,7,0,0,0.395771186261494
8,A,-0.5,22,141,all_resolved,1,1,0,7,0,0,0.36962601403170087
10,A,-0.5,22,148,all_resolved,1,1,0,7,0,0,0.4328986097754984
1,A,-0.5,23,143,all_resolved,1,1,0,7,0,0,0.4698153285768548
2,A,-0.5,23,180,all_active_resolved,0,1,0,7,0,0,0.31988331709938456
3,A,-0.5,23,140,all_resolved,1,1,0,7,0,0,0.2836990520924254
5,A,-0.5,23,160,all_resolved,1,1,0,7,0,0,0.33647667161843203
8,A,-0.5,23,140,all_resolved,1,1,0,7,0,0,0.2320275299268877
10,A,-0.5,23,195,all_resolved,1,1,0,7,0,0,0.3892794645265546
1,A,-0.5,24,169,all_resolved,1,1,0,7,0,0,0.4466309413439108
2,A,-0.5,24,144,all_resolved,1,1,0,7,0,0,0.531608847291696
3,A,-0.5,24,140,all_resolved,1,1,0,7,0,0,0.266959637190297
5,A,-0.5,24,140,all_resolved,1,1,0,7,0,0,0.4158123297701321
8,A,-0.5,24,140,all_resolved,1,1,0,7,0,0,0.2819506024780987
10,A,-0.5,24,148,all_resolved,1,1,1,7,0,0,0.6835586970517264
1,A,-0.5,25,204,all_resolved,1,1,0,7,0,0,0.30921317554946753
2,A,-0.5,25,165,all_resolved,1,1,0,7,0,0,0.2731082949954385
3,A,-0.5,25,180,all_active_resolved,0,1,0,7,0,0,0.3454695762079628
5,A,-0.5,25,180,all_active_resolved,0,1,0,7,0,0,0.4679884572149837
8,A,-0.5,25,147,all_resolved,1,1,0,7,0,0,0.23902824304182504
10,A,-0.5,25,187,all_active_resolved,0,1,0,7,0,0,0.4708966874073949
1,A,0.0,0,201,all_resolved,1,0,1,6,0,0,0.2688864440388368
2,A,0.0,0,300,bank_exhausted,0,0,1,6,0,0,0.5470523213846267
3,A,0.0,0,195,all_resolved,1,0,0,6,0,0,0.30905918221939743
5,A,0.0,0,192,all_active_resolved,0,0,1,6,0,0,0.3695883357021678
8,A,0.0,0,156,all_resolved,1,0,0,6,0,0,0.398757588815751
10,A,0.0,0,146,all_resolved,1,0,1,6,0,0,0.49126942367864695
1,A,0.0,1,300,bank_exhausted,0,0,2,6,0,0,0.5513793925700621
2,A,0.0,1,300,bank_exhausted,0,0,1,6,0,0,0.5225862256846836
3,A,0.0,1,243,all_resolved,1,0,0,6,0,0,0.3853125759277361
5,A,0.0,1,147,all_resolved,1,0,0,6,0,0,0.2672132703652431
8,A,0.0,1,300,bank_exhausted,0,0,2,6,0,0,0.4158719045404884
10,A,0.0,1,148,all_resolved,1,0,0,6,0,0,0.5092564080749453
1,A,0.0,2,300,bank_exhausted,0,0,0,6,0,0,0.46903888444826336
2,A,0.0,2,300,bank_exhausted,0,0,0,6,0,0,0.3781034793309051
3,A,0.0,2,237,all_resolved,1,0,1,6,0,0,0.39105764650374913
5,A,0.0,2,163,all_resolved,1,0,1,6,0,0,0.4443040134917369
8,A,0.0,2,300,bank_exhausted,0,0,1,6,0,0,0.3333177222187322
10,A,0.0,2,225,all_resolved,1,0,1,6,0,0,0.28283411693478405
1,A,0.0,3,300,bank_exhausted,0,0,0,6,0,0,0.35463071763274817
2,A,0.0,3,300,bank_exhausted,0,0,0,6,0,0,0.5058907133406599
3,A,0.0,3,275,all_resolved,1,0,1,6,0,0,0.39305460036575773
5,A,0.0,3,180,all_resolved,1,0,1,6,0,0,0.30127397821023694
8,A,0.0,3,300,bank_exhausted,0,0,0,6,0,0,0.3141585425098904
10,A,0.0,3,172,all_resolved,1,0,2,6,0,0,0.43607552685664686
1,A,0.0,4,168,all_resolved,1,0,0,6,0,0,0.24872425120656974
2,A,0.0,4,230,all_resolved,1,0,0,6,0,0,0.25692344261181627
3,A,0.0,4,143,all_resolved,1,0,0,6,0,0,0.29445912719697154
5,A,0.0,4,154,all_resolved,1,0,0,6,0,0,0.312061849962554
8,A,0.0,4,300,bank_exhausted,0,0,0,6,0,0,0.31466866442455776
10,A,0.0,4,300,bank_exhausted,0,0,0,6,0,0,0.15828550496060437
1,A,0.0,5,218,all_active_resolved,0,0,0,6,0,0,0.2169656713423497
2,A,0.0,5,207,all_resolved,1,0,2,6,0,0,0.5099207999858256
3,A,0.0,5,141,all_resolved,1,0,0,6,0,0,0.35342898055869737
5,A,0.0,5,299,all_resolved,1,0,1,6,0,0,0.49677078510395545
8,A,0.0,5,173,all_resolved,1,0,0,6,0,0,0.1639240345562397
10,A,0.0,5,284,all_resolved,1,0,1,6,0,0,0.18302616879165892
1,A,0.0,6,198,all_resolved,1,0,1,6,0,0,0.3714697099786067
2,A,0.0,6,140,all_resolved,1,0,0,6,0,0,0.3827283390684642
3,A,0.0,6,165,all_resolved,1,0,1,6,0,0,0.3893003140645822
5,A,0.0,6,206,all_resolved,1,0,2,6,0,0,0.4689123583053812
8,A,0.0,6,162,all_resolved,1,0,1,6,0,0,0.365246330664929
10,A,0.0,6,156,all_resolved,1,0,0,6,0,0,0.14974775554774006
1,A,0.0,7,215,all_active_resolved,0,0,0,6,0,0,0.41449028785493114
2,A,0.0,7,300,bank_exhausted,0,0,2,6,0,0,0.5330043718114423
3,A,0.0,7,300,bank_exhausted,0,0,2,6,0,0,0.4660550494686735
5,A,0.0,7,198,all_active_resolved,0,0,1,6,0,0,0.42424239040142797
8,A,0.0,7,211,all_resolved,1,0,0,6,0,0,0.15391157110232823
10,A,0.0,7,149,all_resolved,1,0,0,6,0,0,0.26274886582894325
1,A,0.0,8,229,all_active_resolved,0,0,1,6,0,0,0.35053763228521856
2,A,0.0,8,300,bank_exhausted,0,0,0,6,0,0,0.2872532988986208
3,A,0.0,8,197,all_active_resolved,0,0,0,6,0,0,0.326183496751201
5,A,0.0,8,154,all_resolved,1,0,0,6,0,0,0.1793278252008918
8,A,0.0,8,214,all_active_resolved,0,0,0,6,0,0,0.11028192420515762
10,A,0.0,8,187,all_resolved,1,0,0,6,0,0,0.2846893433289271
1,A,0.0,9,300,bank_exhausted,0,0,1,6,0,0,0.29334517227207335
2,A,0.0,9,300,bank_exhausted,0,0,3,6,0,0,0.7667300624778318
3,A,0.0,9,186,all_active_resolved,0,0,1,6,0,0,0.3272280231197185
5,A,0.0,9,221,all_resolved,1,0,1,6,0,0,0.3655935543800154
8,A,0.0,9,207,all_active_resolved,0,0,0,6,0,0,0.3027847452230595
10,A,0.0,9,226,all_resolved,1,0,3,6,0,0,0.5244670311745792
1,A,0.0,10,300,bank_exhausted,0,0,1,6,0,0,0.3167414824145638
2,A,0.0,10,300,bank_exhausted,0,0,1,6,0,0,0.46933947119174196
3,A,0.0,10,290,all_resolved,1,0,3,6,0,0,0.4169037742803763
5,A,0.0,10,287,all_active_resolved,0,0,2,6,0,0,0.46612768311048974
8,A,0.0,10,300,bank_exhausted,0,0,1,6,0,0,0.5171757752016971
10,A,0.0,10,153,all_resolved,1,0,1,6,0,0,0.37333300711988443
1,A,0.0,11,189,all_resolved,1,0,1,6,0,0,0.41560110640958675
2,A,0.0,11,251,all_active_resolved,0,0,1,6,0,0,0.4143501505083141
3,A,0.0,11,153,all_resolved,1,0,0,6,0,0,0.376558455561426
5,A,0.0,11,201,all_active_resolved,0,0,1,6,0,0,0.3916901051021525
8,A,0.0,11,206,all_active_resolved,0,0,0,6,0,0,0.33277572028269475
10,A,0.0,11,176,all_resolved,1,0,0,6,0,0,0.18511648693497298
1,A,0.0,12,300,bank_exhausted,0,0,2,6,0,0,0.5542205779813348
2,A,0.0,12,300,bank_exhausted,0,0,1,6,0,0,0.3770307353614907
3,A,0.0,12,144,all_resolved,1,0,0,6,0,0,0.31326053551779237
5,A,0.0,12,205,all_resolved,1,0,0,6,0,0,0.27931157380166277
8,A,0.0,12,196,all_active_resolved,0,0,1,6,0,0,0.37469279632048635
10,A,0.0,12,240,all_active_resolved,0,0,0,6,0,0,0.302701102929186
1,A,0.0,13,300,bank_exhausted,0,0,1,6,0,0,0.525327715799017
2,A,0.0,13,143,all_resolved,1,0,0,6,0,0,0.15908150100552473
3,A,0.0,13,300,bank_exhausted,0,0,1,6,0,0,0.3825198210862762
5,A,0.0,13,160,all_resolved,1,0,0,6,0,0,0.2264181609631189
8,A,0.0,13,164,all_resolved,1,0,0,6,0,0,0.19577780669132064
10,A,0.0,13,187,all_active_resolved,0,0,1,6,0,0,0.36472081236271897
1,A,0.0,14,247,all_active_resolved,0,0,3,6,0,0,0.7150493848237406
2,A,0.0,14,261,all_active_resolved,0,0,0,6,0,0,0.37997061646397107
3,A,0.0,14,300,bank_exhausted,0,0,0,6,0,0,0.274984297684794
5,A,0.0,14,255,all_active_resolved,0,0,0,6,0,0,0.24169448099832744
8,A,0.0,14,257,all_active_resolved,0,0,1,6,0,0,0.41698092000613973
10,A,0.0,14,240,all_active_resolved,0,0,0,6,0,0,0.28244597110502384
1,A,0.0,15,300,bank_exhausted,0,0,1,6,0,0,0.3946452295300959
2,A,0.0,15,261,all_resolved,1,0,4,6,0,0,0.7103161865804897
3,A,0.0,15,300,bank_exhausted,0,0,2,6,0,0,0.4289633014852638
5,A,0.0,15,300,bank_exhausted,0,0,0,6,0,0,0.3779748488032329
8,A,0.0,15,213,all_active_resolved,0,0,0,6,0,0,0.25757732746361917
10,A,0.0,15,207,all_active_resolved,0,0,0,6,0,0,0.16015440941007605
1,A,0.0,16,278,all_active_resolved,0,0,1,6,0,0,0.4291158544616307
2,A,0.0,16,167,all_resolved,1,0,1,6,0,0,0.6017454246902387
3,A,0.0,16,180,all_active_resolved,0,0,0,6,0,0,0.2751009334245751
5,A,0.0,16,183,all_resolved,1,0,1,6,0,0,0.18946377163370223
8,A,0.0,16,300,bank_exhausted,0,0,0,6,0,0,0.29718554133807634
10,A,0.0,16,143,all_resolved,1,0,0,6,0,0,0.19261147480966095
1,A,0.0,17,197,all_resolved,1,0,0,6,0,0,0.33733046385356225
2,A,0.0,17,146,all_resolved,1,0,1,6,0,0,0.45715718544188927
3,A,0.0,17,234,all_resolved,1,0,0,6,0,0,0.21864581096599855
5,A,0.0,17,156,all_resolved,1,0,0,6,0,0,0.23631667140149706
8,A,0.0,17,300,bank_exhausted,0,0,1,6,0,0,0.29762598421573266
10,A,0.0,17,165,all_resolved,1,0,0,6,0,0,0.19396791589727247
1,A,0.0,18,300,bank_exhausted,0,0,0,6,0,0,0.3591185844554123
2,A,0.0,18,300,bank_exhausted,0,0,0,6,0,0,0.47113828395249246
3,A,0.0,18,300,bank_exhausted,0,0,0,6,0,0,0.2884634397095325
5,A,0.0,18,155,all_resolved,1,0,2,6,0,0,0.4504801743766552
8,A,0.0,18,300,bank_exhausted,0,0,1,6,0,0,0.2997359382988279
10,A,0.0,18,198,all_active_resolved,0,0,1,6,0,0,0.3804438203124542
1,A,0.0,19,300,bank_exhausted,0,0,0,6,0,0,0.4564094443225005
2,A,0.0,19,300,bank_exhausted,0,0,1,6,0,0,0.29612739797423554
3,A,0.0,19,195,all_resolved,1,0,1,6,0,0,0.34559655118064353
5,A,0.0,19,232,all_resolved,1,0,0,6,0,0,0.1618470444240337
8,A,0.0,19,189,all_resolved,1,0,0,6,0,0,0.14305821968909543
10,A,0.0,19,300,bank_exhausted,0,0,1,6,0,0,0.2976712421438049
1,A,0.0,20,175,all_resolved,1,0,1,6,0,0,0.3362111175110999
2,A,0.0,20,215,all_resolved,1,0,1,6,0,0,0.5663261722545959
3,A,0.0,20,273,all_active_resolved,0,0,1,6,0,0,0.3273191555242173
5,A,0.0,20,252,all_active_resolved,0,0,0,6,0,0,0.27011494324595436
8,A,0.0,20,198,all_resolved,1,0,0,6,0,0,0.2956188508080399
10,A,0.0,20,267,all_resolved,1,0,1,6,0,0,0.21858702144072356
1,A,0.0,21,198,all_resolved,1,0,1,6,0,0,0.5834728472067121
2,A,0.0,21,191,all_active_resolved,0,0,1,6,0,0,0.6126402461820335
3,A,0.0,21,148,all_resolved,1,0,1,6,0,0,0.37481103892805223
5,A,0.0,21,261,all_resolved,1,0,1,6,0,0,0.32955317076853374
8,A,0.0,21,165,all_resolved,1,0,0,6,0,0,0.19128011210882737
10,A,0.0,21,143,all_resolved,1,0,1,6,0,0,0.47603576586297963
1,A,0.0,22,300,bank_exhausted,0,0,0,6,0,0,0.26164162755276793
2,A,0.0,22,208,all_resolved,1,0,0,6,0,0,0.2630577660260002
3,A,0.0,22,141,all_resolved,1,0,0,6,0,0,0.2978581474742235
5,A,0.0,22,294,all_active_resolved,0,0,0,6,0,0,0.2837724117904827
8,A,0.0,22,177,all_resolved,1,0,1,6,0,0,0.29373833538646454
10,A,0.0,22,300,bank_exhausted,0,0,0,6,0,0,0.42338727022716455
1,A,0.0,23,300,bank_exhausted,0,0,0,6,0,0,0.36491076500386577
2,A,0.0,23,300,bank_exhausted,0,0,0,6,0,0,0.4629490630426103
3,A,0.0,23,300,bank_exhausted,0,0,0,6,0,0,0.15688899174022689
5,A,0.0,23,146,all_resolved,1,0,0,6,0,0,0.17662739943979094
8,A,0.0,23,140,all_resolved,1,0,0,6,0,0,0.34958570556019264
10,A,0.0,23,189,all_resolved,1,0,0,6,0,0,0.2193383719074801
1,A,0.0,24,300,bank_exhausted,0,0,1,6,0,0,0.5075725728630741
2,A,0.0,24,196,all_resolved,1,0,1,6,0,0,0.3008845153198022
3,A,0.0,24,204,all_active_resolved,0,0,2,6,0,0,0.5553259013871094
5,A,0.0,24,148,all_resolved,1,0,0,6,0,0,0.12554704784710183
8,A,0.0,24,189,all_active_resolved,0,0,0,6,0,0,0.3377300133707533
10,A,0.0,24,300,bank_exhausted,0,0,1,6,0,0,0.3411466934936625
1,A,0.0,25,300,bank_exhausted,0,0,1,6,0,0,0.35626867505135884
2,A,0.0,25,300,bank_exhausted,0,0,0,6,0,0,0.31598039009318174
3,A,0.0,25,300,bank_exhausted,0,0,0,6,0,0,0.31084246252075914
5,A,0.0,25,195,all_resolved,1,0,2,6,0,0,0.4785343004879629
8,A,0.0,25,166,all_resolved,1,0,1,6,0,0,0.36110045674306945
10,A,0.0,25,209,all_resolved,1,0,1,6,0,0,0.2680962893097569
1,A,0.4,0,293,all_active_resolved,0,0,0,0,0,0,0.5240742949004171
2,A,0.4,0,190,all_active_resolved,0,0,0,0,0,0,0.4728690776765254
3,A,0.4,0,300,bank_exhausted,0,0,0,0,0,0,0.34920423247979265
5,A,0.4,0,223,all_resolved,1,0,0,0,0,0,0.5567973779789355
8,A,0.4,0,300,bank_exhausted,0,0,0,0,0,0,0.2987711726359431
10,A,0.4,0,185,all_resolved,1,0,0,0,0,0,0.5535916813628468
1,A,0.4,1,300,bank_exhausted,0,0,0,0,0,0,0.5493508141648672
2,A,0.4,1,234,all_resolved,1,0,0,0,0,0,0.571562275202157
3,A,0.4,1,300,bank_exhausted,0,0,0,0,0,0,0.4310705742623609
5,A,0.4,1,300,bank_exhausted,0,0,0,0,0,0,0.32719279941404783
8,A,0.4,1,264,all_resolved,1,0,0,0,0,0,0.4202784088119561
10,A,0.4,1,300,bank_exhausted,0,0,0,0,0,0,0.3707400997560394
1,A,0.4,2,162,all_resolved,1,0,0,0,0,0,0.5908888473381325
2,A,0.4,2,189,all_resolved,1,0,0,0,0,0,0.5704737240623553
3,A,0.4,2,227,all_active_resolved,0,0,0,0,0,0,0.538809139498369
5,A,0.4,2,180,all_resolved,1,0,0,0,0,0,0.6728173887259906
8,A,0.4,2,300,bank_exhausted,0,0,0,0,0,0,0.4173827919471403
10,A,0.4,2,271,all_active_resolved,0,0,0,0,0,0,0.44664620579931313
1,A,0.4,3,300,bank_exhausted,0,0,0,0,0,0,0.4695563199502413
2,A,0.4,3,300,bank_exhausted,0,0,0,0,0,0,0.49698844294090916
3,A,0.4,3,243,all_resolved,1,0,0,0,0,0,0.5318641766013099
5,A,0.4,3,300,bank_exhausted,0,0,0,0,0,0,0.42709844290299753
8,A,0.4,3,300,bank_exhausted,0,0,0,0,0,0,0.5079614614976026
10,A,0.4,3,300,bank_exhausted,0,0,0,0,0,0,0.48598400651707513
1,A,0.4,4,212,all_resolved,1,0,0,0,0,0,0.5304238492982066
2,A,0.4,4,193,all_resolved,1,0,0,0,0,0,0.6931856396338946
3,A,0.4,4,264,all_active_resolved,0,0,0,0,0,0,0.34174527325365706
5,A,0.4,4,232,all_resolved,1,0,0,0,0,0,0.49561886459144017
8,A,0.4,4,246,all_active_resolved,0,0,0,0,0,0,0.3953027284707668
10,A,0.4,4,300,bank_exhausted,0,0,0,0,0,0,0.31058857026636094
1,A,0.4,5,231,all_active_resolved,0,0,0,0,0,0,0.5629664256209626
2,A,0.4,5,300,bank_exhausted,0,0,0,0,0,0,0.4047225708924694
3,A,0.4,5,172,all_resolved,1,0,0,0,0,0,0.5557831914736774
5,A,0.4,5,300,bank_exhausted,0,0,0,0,0,0,0.47865880280684164
8,A,0.4,5,300,bank_exhausted,0,0,0,0,0,0,0.3575432671300725
10,A,0.4,5,300,bank_exhausted,0,0,0,0,0,0,0.5503303530674365
1,A,0.4,6,184,all_resolved,1,0,0,0,0,0,0.5749698951830367
2,A,0.4,6,265,all_active_resolved,0,0,0,0,0,0,0.6111420164811989
3,A,0.4,6,177,all_resolved,1,0,0,0,0,0,0.5761670627180405
5,A,0.4,6,300,bank_exhausted,0,0,0,0,0,0,0.4369861859798149
8,A,0.4,6,300,bank_exhausted,0,0,0,0,0,0,0.35047347308948656
10,A,0.4,6,209,all_resolved,1,0,0,0,0,0,0.4768526365593728
1,A,0.4,7,292,all_active_resolved,0,0,0,0,0,0,0.5557915513928054
2,A,0.4,7,300,bank_exhausted,0,0,0,0,0,0,0.32634558820606063
3,A,0.4,7,300,bank_exhausted,0,0,0,0,0,0,0.5469733898158411
5,A,0.4,7,293,all_resolved,1,0,0,0,0,0,0.4502915214035115
8,A,0.4,7,206,all_resolved,1,0,0,0,0,0,0.5077219008589092
10,A,0.4,7,175,all_resolved,1,0,0,0,0,0,0.5086981206051057
1,A,0.4,8,258,all_resolved,1,0,0,0,0,0,0.5882561357887254
2,A,0.4,8,300,bank_exhausted,0,0,0,0,0,0,0.26221760911852066
3,A,0.4,8,268,all_active_resolved,0,0,0,0,0,0,0.4676280881629195
5,A,0.4,8,211,all_resolved,1,0,0,0,0,0,0.5313306810944955
8,A,0.4,8,216,all_active_resolved,0,0,0,0,0,0,0.4006250677081255
10,A,0.4,8,189,all_resolved,1,0,0,0,0,0,0.4972574095407675
1,A,0.4,9,300,bank_exhausted,0,0,0,0,0,0,0.45304830805404916
2,A,0.4,9,300,bank_exhausted,0,0,0,0,0,0,0.5129990699441976
3,A,0.4,9,300,bank_exhausted,0,0,0,0,0,0,0.4718142474196731
5,A,0.4,9,273,all_resolved,1,0,0,0,0,0,0.6071247186936448
8,A,0.4,9,300,bank_exhausted,0,0,0,0,0,0,0.42382589864386944
10,A,0.4,9,300,bank_exhausted,0,0,0,0,0,0,0.4555335189560075
1,A,0.4,10,261,all_resolved,1,0,0,0,0,0,0.48909839014005535
2,A,0.4,10,268,all_resolved,1,0,0,0,0,0,0.43792899939395885
3,A,0.4,10,289,all_resolved,1,0,0,0,0,0,0.6398537756603843
5,A,0.4,10,300,bank_exhausted,0,0,0,0,0,0,0.38403410382812747
8,A,0.4,10,272,all_resolved,1,0,0,0,0,0,0.5554250069173465
10,A,0.4,10,236,all_resolved,1,0,0,0,0,0,0.5613123267832267
1,A,0.4,11,240,all_active_resolved,0,0,0,0,0,0,0.4841165023070099
2,A,0.4,11,300,bank_exhausted,0,0,0,0,0,0,0.4324565436566011
3,A,0.4,11,300,bank_exhausted,0,0,0,0,0,0,0.5797770491994674
5,A,0.4,11,300,bank_exhausted,0,0,0,0,0,0,0.6068896489590225
8,A,0.4,11,300,bank_exhausted,0,0,0,0,0,0,0.4478722312860242
10,A,0.4,11,202,all_resolved,1,0,0,0,0,0,0.5390647449330159
1,A,0.4,12,300,bank_exhausted,0,0,0,0,0,0,0.5182855810955953
2,A,0.4,12,300,bank_exhausted,0,0,0,0,0,0,0.39653096522511116
3,A,0.4,12,300,bank_exhausted,0,0,0,0,0,0,0.6048318696029826
5,A,0.4,12,147,all_resolved,1,0,0,0,0,0,0.6545391213361224
8,A,0.4,12,268,all_resolved,1,0,0,0,0,0,0.36732055322725266
10,A,0.4,12,210,all_resolved,1,0,0,0,0,0,0.6072593277696888
1,A,0.4,13,239,all_resolved,1,0,0,0,0,0,0.5202312371149025
2,A,0.4,13,300,bank_exhausted,0,0,0,0,0,0,0.46740657616036974
3,A,0.4,13,196,all_resolved,1,0,0,0,0,0,0.5248062773006065
5,A,0.4,13,289,all_resolved,1,0,0,0,0,0,0.4912609585072437
8,A,0.4,13,223,all_resolved,1,0,0,0,0,0,0.4299899774524686
10,A,0.4,13,300,bank_exhausted,0,0,0,0,0,0,0.5208002696691807
1,A,0.4,14,201,all_resolved,1,0,0,0,0,0,0.5695284993844052
2,A,0.4,14,178,all_resolved,1,0,0,0,0,0,0.6480468304058233
3,A,0.4,14,212,all_resolved,1,0,0,0,0,0,0.6346332717042035
5,A,0.4,14,202,all_resolved,1,0,0,0,0,0,0.5400720303989419
8,A,0.4,14,300,bank_exhausted,0,0,0,0,0,0,0.48818763979428936
10,A,0.4,14,203,all_resolved,1,0,0,0,0,0,0.47341193479007104
1,A,0.4,15,176,all_resolved,1,0,0,0,0,0,0.5730423922197078
2,A,0.4,15,244,all_resolved,1,0,0,0,0,0,0.38941824020255716
3,A,0.4,15,300,bank_exhausted,0,0,0,0,0,0,0.4231078106050693
5,A,0.4,15,300,bank_exhausted,0,0,0,0,0,0,0.3382134944833917
8,A,0.4,15,205,all_resolved,1,0,0,0,0,0,0.5505475251853761
10,A,0.4,15,237,all_active_resolved,0,0,0,0,0,0,0.48977200354235056
1,A,0.4,16,177,all_resolved,1,0,0,0,0,0,0.6073625921612497
2,A,0.4,16,300,bank_exhausted,0,0,0,0,0,0,0.6038212122937621
3,A,0.4,16,147,all_resolved,1,0,0,0,0,0,0.3728290972460667
5,A,0.4,16,300,bank_exhausted,0,0,0,0,0,0,0.38901442031862465
8,A,0.4,16,296,all_resolved,1,0,0,0,0,0,0.5191292065845804
10,A,0.4,16,300,bank_exhausted,0,0,0,0,0,0,0.3642561189367708
1,A,0.4,17,249,all_resolved,1,0,0,0,0,0,0.5075374214405933
2,A,0.4,17,300,bank_exhausted,0,0,0,0,0,0,0.6269466642339939
3,A,0.4,17,300,bank_exhausted,0,0,0,0,0,0,0.5619179874814015
5,A,0.4,17,300,bank_exhausted,0,0,0,0,0,0,0.5600548682420882
8,A,0.4,17,158,all_resolved,1,0,0,0,0,0,0.5971326502101837
10,A,0.4,17,293,all_resolved,1,0,0,0,0,0,0.6657547990225131
1,A,0.4,18,169,all_resolved,1,0,0,0,0,0,0.5658605952879011
2,A,0.4,18,300,bank_exhausted,0,0,0,0,0,0,0.34942657601612354
3,A,0.4,18,300,bank_exhausted,0,0,0,0,0,0,0.49704720829488547
5,A,0.4,18,161,all_resolved,1,0,0,0,0,0,0.5930521068160534
8,A,0.4,18,300,bank_exhausted,0,0,0,0,0,0,0.39951557686081396
10,A,0.4,18,300,bank_exhausted,0,0,0,0,0,0,0.32185367675748033
1,A,0.4,19,288,all_resolved,1,0,0,0,0,0,0.6482924053099463
2,A,0.4,19,266,all_resolved,1,0,0,0,0,0,0.6483785295887087
3,A,0.4,19,195,all_resolved,1,0,0,0,0,0,0.42076603490189823
5,A,0.4,19,202,all_active_resolved,0,0,0,0,0,0,0.5916247325841144
8,A,0.4,19,275,all_resolved,1,0,0,0,0,0,0.6121528517408947
10,A,0.4,19,300,bank_exhausted,0,0,0,0,0,0,0.4533918888030978
1,A,0.4,20,183,all_resolved,1,0,0,0,0,0,0.6625576784247081
2,A,0.4,20,237,all_resolved,1,0,0,0,0,0,0.4436722491869315
3,A,0.4,20,214,all_resolved,1,0,0,0,0,0,0.45082283426112196
5,A,0.4,20,300,bank_exhausted,0,0,0,0,0,0,0.37459776376012227
8,A,0.4,20,300,bank_exhausted,0,0,0,0,0,0,0.36129550037845587
10,A,0.4,20,300,bank_exhausted,0,0,0,0,0,0,0.3400204889316054
1,A,0.4,21,300,bank_exhausted,0,0,0,0,0,0,0.4489277830511031
2,A,0.4,21,276,all_resolved,1,0,0,0,0,0,0.527756555825887
3,A,0.4,21,300,bank_exhausted,0,0,0,0,0,0,0.32324360510713696
5,A,0.4,21,201,all_resolved,1,0,0,0,0,0,0.5236834802944862
8,A,0.4,21,297,all_resolved,1,0,0,0,0,0,0.40800910903804904
10,A,0.4,21,196,all_resolved,1,0,0,0,0,0,0.5495175568137263
1,A,0.4,22,300,bank_exhausted,0,0,0,0,0,0,0.6291173084001994
2,A,0.4,22,165,all_resolved,1,0,0,0,0,0,0.6440834352698336
3,A,0.4,22,300,bank_exhausted,0,0,0,0,0,0,0.3422576639756641
5,A,0.4,22,247,all_resolved,1,0,0,0,0,0,0.36895594975469087
8,A,0.4,22,263,all_resolved,1,0,0,0,0,0,0.45301964696856745
10,A,0.4,22,223,all_active_resolved,0,0,0,0,0,0,0.4458255727070334
1,A,0.4,23,300,bank_exhausted,0,0,0,0,0,0,0.3333599107889845
2,A,0.4,23,170,all_resolved,1,0,0,0,0,0,0.6691022248605805
3,A,0.4,23,155,all_resolved,1,0,0,0,0,0,0.5758077221077947
5,A,0.4,23,172,all_resolved,1,0,0,0,0,0,0.5488557353933169
8,A,0.4,23,153,all_resolved,1,0,0,0,0,0,0.5928597753157719
10,A,0.4,23,300,bank_exhausted,0,0,0,0,0,0,0.5070649887553463
1,A,0.4,24,277,all_resolved,1,0,0,0,0,0,0.5584163865225015
2,A,0.4,24,300,bank_exhausted,0,0,0,0,0,0,0.4938479334044431
3,A,0.4,24,275,all_resolved,1,0,0,0,0,0,0.38450309113923037
5,A,0.4,24,189,all_resolved,1,0,0,0,0,0,0.5972414660495281
8,A,0.4,24,185,all_resolved,1,0,0,0,0,0,0.6109921532004244
10,A,0.4,24,186,all_resolved,1,0,0,0,0,0,0.5881597864218234
1,A,0.4,25,300,bank_exhausted,0,0,0,0,0,0,0.49571456190139657
2,A,0.4,25,208,all_resolved,1,0,0,0,0,0,0.7297067998742129
3,A,0.4,25,170,all_resolved,1,0,0,0,0,0,0.4744092637655922
5,A,0.4,25,190,all_resolved,1,0,0,0,0,0,0.678875363969109
8,A,0.4,25,214,all_resolved,1,0,0,0,0,0,0.7527909689046253
10,A,0.4,25,215,all_resolved,1,0,0,0,0,0,0.3567117664931482
1,A,0.8,0,227,all_resolved,1,1,0,0,0,6,0.3175768967190892
2,A,0.8,0,188,all_resolved,1,1,0,0,0,6,0.44957027394734694
3,A,0.8,0,169,all_resolved,1,1,0,0,0,6,0.3046514285915788
5,A,0.8,0,213,all_resolved,1,1,0,0,0,6,0.2836857812844224
8,A,0.8,0,159,all_resolved,1,1,0,0,0,6,0.35639365528198547
10,A,0.8,0,228,all_resolved,1,1,0,0,0,6,0.34254508721485555
1,A,0.8,1,160,all_resolved,1,1,0,0,0,6,0.3009497489548698
2,A,0.8,1,180,all_resolved,1,1,0,0,0,6,0.3280090350865214
3,A,0.8,1,169,all_resolved,1,1,0,0,0,6,0.33518450581193837
5,A,0.8,1,148,all_resolved,1,1,0,0,0,6,0.3018501964141626
8,A,0.8,1,140,all_resolved,1,1,0,0,0,6,0.4777987762903347
10,A,0.8,1,191,all_resolved,1,1,0,0,0,6,0.295303535047248
1,A,0.8,2,215,all_resolved,1,1,0,0,0,6,0.32010955382391276
2,A,0.8,2,150,all_resolved,1,1,0,0,0,6,0.2629047397964028
3,A,0.8,2,217,all_resolved,1,1,0,0,0,6,0.21431653790181773
5,A,0.8,2,177,all_resolved,1,1,0,0,0,6,0.19650438485924804
8,A,0.8,2,199,all_resolved,1,1,0,0,0,6,0.17106637516246348
10,A,0.8,2,254,all_active_resolved,0,1,0,0,0,6,0.3055177576408287
1,A,0.8,3,244,all_active_resolved,0,1,0,0,0,6,0.19708544896797128
2,A,0.8,3,179,all_resolved,1,1,0,0,0,6,0.28563925735918944
3,A,0.8,3,207,all_resolved,1,1,0,0,1,6,0.304158748421112
5,A,0.8,3,147,all_resolved,1,1,0,0,0,6,0.3318008050689561
8,A,0.8,3,142,all_resolved,1,1,0,0,0,6,0.5827571381402704
10,A,0.8,3,217,all_resolved,1,1,0,0,0,6,0.20297431183029455
1,A,0.8,4,171,all_resolved,1,1,0,0,0,6,0.2832262401657145
2,A,0.8,4,179,all_resolved,1,1,0,0,0,6,0.42906820243721594
3,A,0.8,4,140,all_resolved,1,1,0,0,0,6,0.3979680582431046
5,A,0.8,4,157,all_resolved,1,1,0,0,0,6,0.4293390883605142
8,A,0.8,4,183,all_resolved,1,1,0,0,1,6,0.4338569573142049
10,A,0.8,4,144,all_resolved,1,1,0,0,0,6,0.6583729492830874
1,A,0.8,5,259,all_resolved,1,1,0,0,0,6,0.2740668286514169
2,A,0.8,5,229,all_resolved,1,1,0,0,0,6,0.32167846209068063
3,A,0.8,5,231,all_resolved,1,1,0,0,0,6,0.19923482484741206
5,A,0.8,5,169,all_resolved,1,1,0,0,0,6,0.17627954432120463
8,A,0.8,5,208,all_resolved,1,1,0,0,0,6,0.21599379945445316
10,A,0.8,5,177,all_resolved,1,1,0,0,0,6,0.474658821921301
1,A,0.8,6,207,all_active_resolved,0,1,0,0,1,6,0.41807240413215635
2,A,0.8,6,247,all_resolved,1,1,0,0,0,6,0.3493127505116265
3,A,0.8,6,192,all_resolved,1,1,0,0,0,6,0.3354947128241146
5,A,0.8,6,149,all_resolved,1,1,0,0,0,6,0.34776606266197446
8,A,0.8,6,234,all_resolved,1,1,0,0,0,6,0.2022412572412122
10,A,0.8,6,177,all_resolved,1,1,0,0,0,6,0.21294739105189872
1,A,0.8,7,150,all_resolved,1,1,0,0,0,6,0.36720183630282993
2,A,0.8,7,300,bank_exhausted,0,1,0,0,0,6,0.4217225115599004
3,A,0.8,7,171,all_resolved,1,1,0,0,0,6,0.15497411242594136
5,A,0.8,7,205,all_resolved,1,1,0,0,0,6,0.32628140284167567
8,A,0.8,7,181,all_resolved,1,1,0,0,0,6,0.2815182892048765
10,A,0.8,7,147,all_resolved,1,1,0,0,0,6,0.3018748333020866
1,A,0.8,8,141,all_resolved,1,1,0,0,0,6,0.43170775748469403
2,A,0.8,8,191,all_resolved,1,1,0,0,0,6,0.45293375297527916
3,A,0.8,8,145,all_resolved,1,1,0,0,0,6,0.471281906874277
5,A,0.8,8,169,all_resolved,1,1,0,0,1,6,0.4717931791736299
8,A,0.8,8,151,all_resolved,1,1,0,0,0,6,0.2649844666648019
10,A,0.8,8,154,all_resolved,1,1,0,0,0,6,0.3982887159792369
1,A,0.8,9,144,all_resolved,1,1,0,0,0,6,0.4166120182465442
2,A,0.8,9,168,all_resolved,1,1,0,0,0,6,0.35976066446567806
3,A,0.8,9,230,all_resolved,1,1,0,0,0,6,0.24637807712015705
5,A,0.8,9,147,all_resolved,1,1,0,0,0,6,0.3652745390332237
8,A,0.8,9,147,all_resolved,1,1,0,0,0,6,0.49886636957511515
10,A,0.8,9,177,all_resolved,1,1,0,0,0,6,0.38937507471385857
1,A,0.8,10,185,all_resolved,1,1,0,0,0,6,0.40061709462583905
2,A,0.8,10,193,all_active_resolved,0,1,0,0,0,6,0.46827159916929706
3,A,0.8,10,191,all_resolved,1,1,0,0,0,6,0.3038271045414028
5,A,0.8,10,205,all_resolved,1,1,0,0,0,6,0.12572322407434522
8,A,0.8,10,150,all_resolved,1,1,0,0,2,6,0.45656979649808527
10,A,0.8,10,182,all_resolved,1,1,0,0,0,6,0.4622803735720488
1,A,0.8,11,300,bank_exhausted,0,1,0,0,0,6,0.2718137386888138
2,A,0.8,11,204,all_resolved,1,1,0,0,0,6,0.25218638238774727
3,A,0.8,11,284,all_resolved,1,1,0,0,2,6,0.3773437665988006
5,A,0.8,11,187,all_resolved,1,1,0,0,0,6,0.34036022710454766
8,A,0.8,11,242,all_resolved,1,1,0,0,1,6,0.2772098962455848
10,A,0.8,11,260,all_resolved,1,1,0,0,1,6,0.3071174531963304
1,A,0.8,12,219,all_active_resolved,0,1,0,0,0,6,0.37846481457925407
2,A,0.8,12,300,bank_exhausted,0,1,0,0,0,6,0.2739821307627283
3,A,0.8,12,199,all_resolved,1,1,0,0,0,6,0.34711900863327905
5,A,0.8,12,146,all_resolved,1,1,0,0,0,6,0.23069368612802774
8,A,0.8,12,175,all_resolved,1,1,0,0,0,6,0.31876021750142514
10,A,0.8,12,160,all_resolved,1,1,0,0,0,6,0.36695284642654186
1,A,0.8,13,173,all_resolved,1,1,0,0,1,6,0.4558570836485022
2,A,0.8,13,204,all_resolved,1,1,0,0,0,6,0.4185583400990656
3,A,0.8,13,159,all_resolved,1,1,0,0,0,6,0.39706362225451663
5,A,0.8,13,144,all_resolved,1,1,0,0,2,6,0.5803009978335186
8,A,0.8,13,181,all_resolved,1,1,0,0,1,6,0.25161968965977216
10,A,0.8,13,202,all_resolved,1,1,0,0,0,6,0.5327947428334848
1,A,0.8,14,153,all_resolved,1,1,0,0,0,6,0.44493845131910026
2,A,0.8,14,219,all_resolved,1,1,0,0,0,6,0.28562118728849095
3,A,0.8,14,148,all_resolved,1,1,0,0,0,6,0.3483880935796136
5,A,0.8,14,156,all_resolved,1,1,0,0,0,6,0.3966049597073712
8,A,0.8,14,153,all_resolved,1,1,0,0,1,6,0.34863092227163
10,A,0.8,14,140,all_resolved,1,1,0,0,1,6,0.48206538909329394
1,A,0.8,15,177,all_resolved,1,1,0,0,1,6,0.3683035230025156
2,A,0.8,15,211,all_resolved,1,1,0,0,0,6,0.23048277297457373
3,A,0.8,15,169,all_resolved,1,1,0,0,2,6,0.4093405702099756
5,A,0.8,15,220,all_resolved,1,1,0,0,0,6,0.23816099311177888
8,A,0.8,15,179,all_resolved,1,1,0,0,3,6,0.4406732137727613
10,A,0.8,15,161,all_resolved,1,1,0,0,2,6,0.45759125700191133
1,A,0.8,16,179,all_resolved,1,1,0,0,0,6,0.2854185587508128
2,A,0.8,16,219,all_resolved,1,1,0,0,0,6,0.2593352183187695
3,A,0.8,16,186,all_resolved,1,1,0,0,0,6,0.2739722211473558
5,A,0.8,16,156,all_resolved,1,1,0,0,1,6,0.47934750045732055
8,A,0.8,16,172,all_resolved,1,1,0,0,0,6,0.2857567672403505
10,A,0.8,16,164,all_resolved,1,1,0,0,1,6,0.6211807020231518
1,A,0.8,17,151,all_resolved,1,1,0,0,0,6,0.40136467397521136
2,A,0.8,17,159,all_resolved,1,1,0,0,0,6,0.4331820328586136
3,A,0.8,17,174,all_resolved,1,1,0,0,0,6,0.4584799828123662
5,A,0.8,17,154,all_resolved,1,1,0,0,0,6,0.27991628115013856
8,A,0.8,17,187,all_resolved,1,1,0,0,0,6,0.34096262684389206
10,A,0.8,17,150,all_resolved,1,1,0,0,0,6,0.4951447645397162
1,A,0.8,18,168,all_resolved,1,1,0,0,0,6,0.2453539054312414
2,A,0.8,18,146,all_resolved,1,1,0,0,0,6,0.3818769668592621
3,A,0.8,18,194,all_active_resolved,0,1,0,0,0,6,0.4864959275013266
5,A,0.8,18,140,all_resolved,1,1,0,0,0,6,0.2906404192668747
8,A,0.8,18,154,all_resolved,1,1,0,0,0,6,0.4980481550681675
10,A,0.8,18,192,all_resolved,1,1,0,0,0,6,0.4146648532463895
1,A,0.8,19,223,all_resolved,1,1,0,0,0,6,0.35703997101111373
2,A,0.8,19,222,all_resolved,1,1,0,0,1,6,0.5926342630935971
3,A,0.8,19,201,all_resolved,1,1,0,0,0,6,0.2729122599055932
5,A,0.8,19,185,all_active_resolved,0,1,0,0,1,6,0.35181371531927247
8,A,0.8,19,152,all_resolved,1,1,0,0,0,6,0.18058260909842636
10,A,0.8,19,200,all_resolved,1,1,0,0,0,6,0.342591944895963
1,A,0.8,20,206,all_resolved,1,1,0,0,0,6,0.2333986293309848
2,A,0.8,20,144,all_resolved,1,1,0,0,1,6,0.2991248476556591
3,A,0.8,20,162,all_resolved,1,1,0,0,0,6,0.2600891874814544
5,A,0.8,20,207,all_resolved,1,1,0,0,1,6,0.2281758495705475
8,A,0.8,20,186,all_active_resolved,0,1,0,0,1,6,0.5547467298850676
10,A,0.8,20,164,all_resolved,1,1,0,0,0,6,0.4107760688325509
1,A,0.8,21,172,all_resolved,1,1,0,0,0,6,0.25838216890549476
2,A,0.8,21,197,all_resolved,1,1,0,0,0,6,0.3401030391990658
3,A,0.8,21,155,all_resolved,1,1,0,0,1,6,0.5873636950788567
5,A,0.8,21,191,all_resolved,1,1,0,0,1,6,0.5295351770906739
8,A,0.8,21,262,all_active_resolved,0,1,0,0,0,6,0.2669832458915759
10,A,0.8,21,140,all_resolved,1,1,0,0,0,6,0.4409991315942463
1,A,0.8,22,151,all_resolved,1,1,0,0,0,6,0.3252380299287326
2,A,0.8,22,149,all_resolved,1,1,0,0,0,6,0.40215977883602133
3,A,0.8,22,197,all_resolved,1,1,0,0,0,6,0.2981854337869377
5,A,0.8,22,162,all_resolved,1,1,0,0,0,6,0.3735333874852718
8,A,0.8,22,178,all_resolved,1,1,0,0,0,6,0.20988196470730175
10,A,0.8,22,183,all_resolved,1,1,0,0,0,6,0.306916233996866
1,A,0.8,23,208,all_active_resolved,0,1,0,0,0,6,0.3290935572449326
2,A,0.8,23,172,all_resolved,1,1,0,0,0,6,0.27049348571542475
3,A,0.8,23,191,all_resolved,1,1,0,0,0,6,0.29068407266807916
5,A,0.8,23,206,all_resolved,1,1,0,0,0,6,0.3756429430730493
8,A,0.8,23,186,all_resolved,1,1,0,0,0,6,0.39274995593704626
10,A,0.8,23,141,all_resolved,1,1,0,0,0,6,0.3272681647788665
1,A,0.8,24,201,all_active_resolved,0,1,0,0,0,6,0.3623910795700617
2,A,0.8,24,179,all_resolved,1,1,0,0,0,6,0.309459598013286
3,A,0.8,24,192,all_resolved,1,1,0,0,0,6,0.1478775192238047
5,A,0.8,24,140,all_resolved,1,1,0,0,1,6,0.5785756788755715
8,A,0.8,24,181,all_resolved,1,1,0,0,0,6,0.16619999437507219
10,A,0.8,24,160,all_resolved,1,1,0,0,0,6,0.18476193831835966
1,A,0.8,25,170,all_resolved,1,1,0,0,0,6,0.4294015840044128
2,A,0.8,25,258,all_resolved,1,1,0,0,0,6,0.3192637686316014
3,A,0.8,25,176,all_resolved,1,1,0,0,0,6,0.4479894987336216
5,A,0.8,25,217,all_resolved,1,1,0,0,0,6,0.31413013056677863
8,A,0.8,25,180,all_resolved,1,1,0,0,0,6,0.5144871531674223
10,A,0.8,25,155,all_resolved,1,1,0,0,0,6,0.3838245645542904
1,A,1.2,0,154,all_resolved,1,1,0,0,0,7,0.26221648777564827
2,A,1.2,0,162,all_resolved,1,1,0,0,0,7,0.26053567870809247
3,A,1.2,0,144,all_resolved,1,1,0,0,0,7,0.18090124682207773
5,A,1.2,0,145,all_resolved,1,1,0,0,0,7,0.29090906888079765
8,A,1.2,0,163,all_resolved,1,1,0,0,0,7,0.2148062319502809
10,A,1.2,0,140,all_resolved,1,1,0,0,0,7,0.26945056673358564
1,A,1.2,1,140,all_resolved,1,1,0,0,0,7,0.173581604372566
2,A,1.2,1,140,all_resolved,1,1,0,0,0,7,0.11550849053821868
3,A,1.2,1,140,all_resolved,1,1,0,0,0,7,0.3135516788479305
5,A,1.2,1,147,all_resolved,1,1,0,0,0,7,0.30556860468731284
8,A,1.2,1,146,all_resolved,1,1,0,0,0,7,0.2696971220790594
10,A,1.2,1,140,all_resolved,1,1,0,0,0,7,0.2965541116197321
1,A,1.2,2,140,all_resolved,1,1,0,0,0,7,0.188603587872788
2,A,1.2,2,140,all_resolved,1,1,0,0,0,7,0.20329930455554357
3,A,1.2,2,140,all_resolved,1,1,0,0,0,7,0.30064904059860226
5,A,1.2,2,141,all_resolved,1,1,0,0,0,7,0.37051761474970163
8,A,1.2,2,142,all_resolved,1,1,0,0,0,7,0.31541195902603075
10,A,1.2,2,140,all_resolved,1,1,0,0,0,7,0.24022032575646474
1,A,1.2,3,146,all_resolved,1,1,0,0,0,7,0.12401524798733929
2,A,1.2,3,140,all_resolved,1,1,0,0,0,7,0.20564321343508474
3,A,1.2,3,155,all_resolved,1,1,0,0,0,7,0.3088731291183185
5,A,1.2,3,152,all_resolved,1,1,0,0,0,7,0.24646225572249233
8,A,1.2,3,151,all_resolved,1,1,0,0,0,7,0.2829815104316253
10,A,1.2,3,140,all_resolved,1,1,0,0,0,7,0.227203391823458
1,A,1.2,4,140,all_resolved,1,1,0,0,0,7,0.27153885764725116
2,A,1.2,4,145,all_resolved,1,1,0,0,0,7,0.22739816491481343
3,A,1.2,4,140,all_resolved,1,1,0,0,0,7,0.22656527349155747
5,A,1.2,4,149,all_resolved,1,1,0,0,0,7,0.21022525817778615
8,A,1.2,4,158,all_resolved,1,1,0,0,0,7,0.25147465921394346
10,A,1.2,4,159,all_resolved,1,1,0,0,0,7,0.25160680396004714
1,A,1.2,5,143,all_resolved,1,1,0,0,0,7,0.16402240891125755
2,A,1.2,5,140,all_resolved,1,1,0,0,0,7,0.2409879900734173
3,A,1.2,5,156,all_resolved,1,1,0,0,0,7,0.2988766372558465
5,A,1.2,5,158,all_resolved,1,1,0,0,0,7,0.1871423434692824
8,A,1.2,5,153,all_resolved,1,1,0,0,0,7,0.3280295974725123
10,A,1.2,5,157,all_resolved,1,1,0,0,0,7,0.3033846874343826
1,A,1.2,6,140,all_resolved,1,1,0,0,0,7,0.2189739806114676
2,A,1.2,6,160,all_resolved,1,1,0,0,0,7,0.2812868112490727
3,A,1.2,6,156,all_resolved,1,1,0,0,0,7,0.33013970800124587
5,A,1.2,6,162,all_resolved,1,1,0,0,0,7,0.31514915193188514
8,A,1.2,6,158,all_resolved,1,1,0,0,0,7,0.31478201577893195
10,A,1.2,6,144,all_resolved,1,1,0,0,0,7,0.22633125904863594
1,A,1.2,7,147,all_resolved,1,1,0,0,0,7,0.18127557581680523
2,A,1.2,7,152,all_resolved,1,1,0,0,0,7,0.19781626192102583
3,A,1.2,7,140,all_resolved,1,1,0,0,0,7,0.15760981473180838
5,A,1.2,7,143,all_resolved,1,1,0,0,0,7,0.18900896253523142
8,A,1.2,7,141,all_resolved,1,1,0,0,0,7,0.16908378835791774
10,A,1.2,7,140,all_resolved,1,1,0,0,0,7,0.11984374490301909
1,A,1.2,8,140,all_resolved,1,1,0,0,0,7,0.24037966961394389
2,A,1.2,8,140,all_resolved,1,1,0,0,0,7,0.260556291027448
3,A,1.2,8,143,all_resolved,1,1,0,0,0,7,0.3097223771160365
5,A,1.2,8,140,all_resolved,1,1,0,0,0,7,0.22301974302670216
8,A,1.2,8,175,all_resolved,1,1,0,0,0,7,0.3251002012961855
10,A,1.2,8,140,all_resolved,1,1,0,0,0,7,0.23722000137932023
1,A,1.2,9,141,all_resolved,1,1,0,0,0,7,0.22393772915256308
2,A,1.2,9,140,all_resolved,1,1,0,0,0,7,0.29473451221167185
3,A,1.2,9,156,all_resolved,1,1,0,0,0,7,0.32033573673886145
5,A,1.2,9,151,all_resolved,1,1,0,0,0,7,0.2364676473575002
8,A,1.2,9,141,all_resolved,1,1,0,0,0,7,0.31057128419340424
10,A,1.2,9,140,all_resolved,1,1,0,0,0,7,0.37171254748074123
1,A,1.2,10,243,all_resolved,1,1,0,0,0,7,0.25407023105713206
2,A,1.2,10,140,all_resolved,1,1,0,0,0,7,0.23521896413919743
3,A,1.2,10,140,all_resolved,1,1,0,0,0,7,0.24713931613365325
5,A,1.2,10,152,all_resolved,1,1,0,0,0,7,0.27530386350765956
8,A,1.2,10,182,all_resolved,1,1,0,0,0,7,0.2123080104314218
10,A,1.2,10,149,all_resolved,1,1,0,0,0,7,0.34131177029145604
1,A,1.2,11,144,all_resolved,1,1,0,0,0,7,0.1474151667307154
2,A,1.2,11,144,all_resolved,1,1,0,0,0,7,0.2033333754944552
3,A,1.2,11,140,all_resolved,1,1,0,0,0,7,0.33904994668321137
5,A,1.2,11,140,all_resolved,1,1,0,0,0,7,0.12700170708548866
8,A,1.2,11,148,all_resolved,1,1,0,0,0,7,0.26915924432197824
10,A,1.2,11,140,all_resolved,1,1,0,0,0,7,0.14607120806391585
1,A,1.2,12,166,all_resolved,1,1,0,0,0,7,0.159683554322188
2,A,1.2,12,144,all_resolved,1,1,0,0,0,7,0.16378103105725916
3,A,1.2,12,148,all_resolved,1,1,0,0,0,7,0.21288560646405227
5,A,1.2,12,140,all_resolved,1,1,0,0,0,7,0.2832433015697394
8,A,1.2,12,162,all_resolved,1,1,0,0,0,7,0.3648107774874133
10,A,1.2,12,142,all_resolved,1,1,0,0,0,7,0.3318047905716865
1,A,1.2,13,141,all_resolved,1,1,0,0,0,7,0.2537975876666103
2,A,1.2,13,152,all_resolved,1,1,0,0,0,7,0.2970537100801703
3,A,1.2,13,161,all_resolved,1,1,0,0,0,7,0.28167700417940306
5,A,1.2,13,142,all_resolved,1,1,0,0,0,7,0.2610897968583817
8,A,1.2,13,153,all_resolved,1,1,0,0,0,7,0.20404302886154366
10,A,1.2,13,144,all_resolved,1,1,0,0,0,7,0.27532085493771435
1,A,1.2,14,206,all_resolved,1,1,0,0,0,7,0.18811159454319895
2,A,1.2,14,179,all_resolved,1,1,0,0,0,7,0.2054468130547303
3,A,1.2,14,140,all_resolved,1,1,0,0,0,7,0.4533357208209994
5,A,1.2,14,152,all_resolved,1,1,0,0,0,7,0.19440587193177866
8,A,1.2,14,157,all_resolved,1,1,0,0,0,7,0.2523703054378244
10,A,1.2,14,159,all_resolved,1,1,0,0,0,7,0.18029512351245994
1,A,1.2,15,155,all_resolved,1,1,0,0,0,7,0.22952716460933917
2,A,1.2,15,162,all_resolved,1,1,0,0,0,7,0.1925599373193335
3,A,1.2,15,165,all_resolved,1,1,0,0,0,7,0.1999148154447106
5,A,1.2,15,165,all_resolved,1,1,0,0,0,7,0.24337517167384717
8,A,1.2,15,166,all_resolved,1,1,0,0,0,7,0.43886826715321575
10,A,1.2,15,159,all_resolved,1,1,0,0,0,7,0.22471963388360439
1,A,1.2,16,144,all_resolved,1,1,0,0,0,7,0.23161271400934005
2,A,1.2,16,142,all_resolved,1,1,0,0,0,7,0.20670278949898485
3,A,1.2,16,146,all_resolved,1,1,0,0,0,7,0.3259772186785514
5,A,1.2,16,146,all_resolved,1,1,0,0,0,7,0.2999456255524442
8,A,1.2,16,145,all_resolved,1,1,0,0,0,7,0.22600957655014775
10,A,1.2,16,199,all_resolved,1,1,0,0,0,7,0.1983088506041665
1,A,1.2,17,144,all_resolved,1,1,0,0,0,7,0.1969997928265792
2,A,1.2,17,141,all_resolved,1,1,0,0,0,7,0.361191712288372
3,A,1.2,17,140,all_resolved,1,1,0,0,1,7,0.42088303586834847
5,A,1.2,17,140,all_resolved,1,1,0,0,0,7,0.24115602407705675
8,A,1.2,17,141,all_resolved,1,1,0,0,0,7,0.2646752766956909
10,A,1.2,17,140,all_resolved,1,1,0,0,0,7,0.2798694136424307
1,A,1.2,18,155,all_resolved,1,1,0,0,0,7,0.301535748979345
2,A,1.2,18,140,all_resolved,1,1,0,0,0,7,0.25709358692926815
3,A,1.2,18,155,all_resolved,1,1,0,0,0,7,0.23567804637835899
5,A,1.2,18,146,all_resolved,1,1,0,0,0,7,0.2821224697779376
8,A,1.2,18,145,all_resolved,1,1,0,0,0,7,0.1821648568057395
10,A,1.2,18,143,all_resolved,1,1,0,0,0,7,0.27308459619290676
1,A,1.2,19,140,all_resolved,1,1,0,0,0,7,0.24957455844421989
2,A,1.2,19,178,all_resolved,1,1,0,0,0,7,0.15801518148781737
3,A,1.2,19,157,all_resolved,1,1,0,0,0,7,0.23390699443982826
5,A,1.2,19,177,all_resolved,1,1,0,0,0,7,0.22214980294915238
8,A,1.2,19,198,all_resolved,1,1,0,0,0,7,0.37014502258698867
10,A,1.2,19,140,all_resolved,1,1,0,0,0,7,0.18511533212633827
1,A,1.2,20,140,all_resolved,1,1,0,0,0,7,0.16297406970196956
2,A,1.2,20,158,all_resolved,1,1,0,0,0,7,0.33372148274325547
3,A,1.2,20,152,all_resolved,1,1,0,0,0,7,0.22768482243038937
5,A,1.2,20,156,all_resolved,1,1,0,0,0,7,0.2525417688803398
8,A,1.2,20,152,all_resolved,1,1,0,0,0,7,0.25269286734114166
10,A,1.2,20,145,all_resolved,1,1,0,0,0,7,0.24959202726421204
1,A,1.2,21,177,all_resolved,1,1,0,0,0,7,0.311439231828011
2,A,1.2,21,195,all_resolved,1,1,0,0,0,7,0.27755963800101363
3,A,1.2,21,142,all_resolved,1,1,0,0,1,7,0.36666196266623946
5,A,1.2,21,213,all_resolved,1,1,0,0,0,7,0.27196219306141806
8,A,1.2,21,140,all_resolved,1,1,0,0,0,7,0.17949557399512966
10,A,1.2,21,151,all_resolved,1,1,0,0,0,7,0.2312217090462997
1,A,1.2,22,141,all_resolved,1,1,0,0,0,7,0.20761270770684745
2,A,1.2,22,165,all_resolved,1,1,0,0,0,7,0.2736435681270019
3,A,1.2,22,157,all_resolved,1,1,0,0,0,7,0.3012802865501259
5,A,1.2,22,146,all_resolved,1,1,0,0,0,7,0.12991940267663254
8,A,1.2,22,152,all_resolved,1,1,0,0,0,7,0.35430899070170596
10,A,1.2,22,140,all_resolved,1,1,0,0,0,7,0.28517273665886134
1,A,1.2,23,151,all_resolved,1,1,0,0,0,7,0.26326021362352686
2,A,1.2,23,176,all_resolved,1,1,0,0,0,7,0.1258720724871308
3,A,1.2,23,147,all_resolved,1,1,0,0,0,7,0.18702640512760968
5,A,1.2,23,145,all_resolved,1,1,0,0,0,7,0.24086185770532215
8,A,1.2,23,142,all_resolved,1,1,0,0,0,7,0.3020054293896109
10,A,1.2,23,141,all_resolved,1,1,0,0,0,7,0.2917692020479316
1,A,1.2,24,145,all_resolved,1,1,0,0,0,7,0.20921616397160595
2,A,1.2,24,140,all_resolved,1,1,0,0,0,7,0.20768044081754403
3,A,1.2,24,142,all_resolved,1,1,0,0,0,7,0.28857559626392576
5,A,1.2,24,144,all_resolved,1,1,0,0,0,7,0.2522839222377144
8,A,1.2,24,140,all_resolved,1,1,0,0,0,7,0.27215263843803195
10,A,1.2,24,155,all_resolved,1,1,0,0,0,7,0.3496876153526977
1,A,1.2,25,151,all_resolved,1,1,0,0,0,7,0.17743039623249474
2,A,1.2,25,141,all_resolved,1,1,0,0,0,7,0.2542432577954845
3,A,1.2,25,140,all_resolved,1,1,0,0,0,7,0.1894921877456663
5,A,1.2,25,140,all_resolved,1,1,0,0,0,7,0.2371050577845508
8,A,1.2,25,140,all_resolved,1,1,0,0,0,7,0.3109117886775232
10,A,1.2,25,162,all_resolved,1,1,0,0,0,7,0.22945168078335004
1,B,-0.5,0,145,all_resolved,1,1,0,7,0,0,0.3119294923163443
2,B,-0.5,0,156,all_resolved,1,1,0,7,0,0,0.26224454087785365
3,B,-0.5,0,159,all_resolved,1,1,1,7,0,0,0.4162215408854576
5,B,-0.5,0,150,all_resolved,1,1,0,7,0,0,0.209226935937912
8,B,-0.5,0,156,all_resolved,1,1,0,7,0,0,0.3836890708414054
10,B,-0.5,0,185,all_resolved,1,1,0,7,0,0,0.3457489528226206
1,B,-0.5,1,140,all_resolved,1,1,0,7,0,0,0.38086123695812113
2,B,-0.5,1,168,all_resolved,1,1,0,7,0,0,0.337597633569005
3,B,-0.5,1,183,all_resolved,1,1,0,7,0,0,0.32426356547087415
5,B,-0.5,1,172,all_resolved,1,1,0,7,0,0,0.4803045719870353
8,B,-0.5,1,140,all_resolved,1,1,0,7,0,0,0.26408229046172993
10,B,-0.5,1,140,all_resolved,1,1,0,7,0,0,0.396657037655804
1,B,-0.5,2,144,all_resolved,1,1,0,7,0,0,0.22006026806479526
2,B,-0.5,2,146,all_resolved,1,1,0,7,0,0,0.2826355078102238
3,B,-0.5,2,170,all_resolved,1,1,0,7,0,0,0.5185395404415952
5,B,-0.5,2,143,all_resolved,1,1,1,7,0,0,0.44069578922681857
8,B,-0.5,2,165,all_resolved,1,1,0,7,0,0,0.22256743687223496
10,B,-0.5,2,140,all_resolved,1,1,0,7,0,0,0.2791376835120655
1,B,-0.5,3,158,all_resolved,1,1,0,7,0,0,0.22482730498550238
2,B,-0.5,3,187,all_resolved,1,1,0,7,0,0,0.35033777954153866
3,B,-0.5,3,145,all_resolved,1,1,0,7,0,0,0.16971329310639552
5,B,-0.5,3,155,all_resolved,1,1,0,7,0,0,0.3890846363860855
8,B,-0.5,3,231,all_active_resolved,0,1,0,7,0,0,0.35048388766543626
10,B,-0.5,3,144,all_resolved,1,1,0,7,0,0,0.3410949414936461
1,B,-0.5,4,148,all_resolved,1,1,0,7,0,0,0.27279062884527266
2,B,-0.5,4,159,all_resolved,1,1,0,7,0,0,0.3851839419512757
3,B,-0.5,4,147,all_resolved,1,1,0,7,0,0,0.3123526242126714
5,B,-0.5,4,144,all_resolved,1,1,0,7,0,0,0.2811650762192113
8,B,-0.5,4,147,all_resolved,1,1,1,7,0,0,0.43748153275572405
10,B,-0.5,4,140,all_resolved,1,1,0,7,0,0,0.371206939628784
1,B,-0.5,5,154,all_resolved,1,1,0,7,0,0,0.3261109774628392
2,B,-0.5,5,200,all_resolved,1,1,0,7,0,0,0.36052729968246666
3,B,-0.5,5,180,all_active_resolved,0,1,0,7,0,0,0.3466094257444504
5,B,-0.5,5,152,all_resolved,1,1,0,7,0,0,0.3022959253008905
8,B,-0.5,5,187,all_active_resolved,0,1,0,7,0,0,0.3510493573786414
10,B,-0.5,5,158,all_resolved,1,1,0,7,0,0,0.34450515315850844
1,B,-0.5,6,153,all_resolved,1,1,0,7,0,0,0.3734082404372468
2,B,-0.5,6,145,all_resolved,1,1,0,7,0,0,0.3716072022653721
3,B,-0.5,6,155,all_resolved,1,1,0,7,0,0,0.27716784813944995
5,B,-0.5,6,140,all_resolved,1,1,0,7,0,0,0.3121012763287399
8,B,-0.5,6,141,all_resolved,1,1,0,7,0,0,0.41076064694944525
10,B,-0.5,6,140,all_resolved,1,1,0,7,0,0,0.1522839035702003
1,B,-0.5,7,141,all_resolved,1,1,0,7,0,0,0.2736955080788648
2,B,-0.5,7,184,all_active_resolved,0,1,0,7,0,0,0.4002704990580549
3,B,-0.5,7,141,all_resolved,1,1,0,7,0,0,0.38265982458203335
5,B,-0.5,7,180,all_active_resolved,0,1,0,7,0,0,0.4421310217829904
8,B,-0.5,7,147,all_resolved,1,1,0,7,0,0,0.3158543589480208
10,B,-0.5,7,197,all_active_resolved,0,1,0,7,0,0,0.3701597661427972
1,B,-0.5,8,140,all_resolved,1,1,0,7,0,0,0.17337749999166704
2,B,-0.5,8,140,all_resolved,1,1,0,7,0,0,0.40737297816801626
3,B,-0.5,8,166,all_resolved,1,1,0,7,0,0,0.2506478038476246
5,B,-0.5,8,151,all_resolved,1,1,0,7,0,0,0.3690151775153037
8,B,-0.5,8,140,all_resolved,1,1,0,7,0,0,0.3634180247154943
10,B,-0.5,8,161,all_resolved,1,1,0,7,0,0,0.4450306896546158
1,B,-0.5,9,150,all_resolved,1,1,0,7,0,0,0.27544825598298006
2,B,-0.5,9,170,all_resolved,1,1,0,7,0,0,0.32758535119533627
3,B,-0.5,9,140,all_resolved,1,1,0,7,0,0,0.37857927686604903
5,B,-0.5,9,140,all_resolved,1,1,0,7,0,0,0.40967691070091256
8,B,-0.5,9,140,all_resolved,1,1,0,7,0,0,0.30418246934113957
10,B,-0.5,9,140,all_resolved,1,1,0,7,0,0,0.25745684964268045
1,B,-0.5,10,140,all_resolved,1,1,0,7,0,0,0.39581123600352736
2,B,-0.5,10,141,all_resolved,1,1,0,7,0,0,0.5191898745539782
3,B,-0.5,10,141,all_resolved,1,1,0,7,0,0,0.19004211211005342
5,B,-0.5,10,152,all_resolved,1,1,0,7,0,0,0.23669205893461107
8,B,-0.5,10,153,all_resolved,1,1,0,7,0,0,0.3389315054899184
10,B,-0.5,10,140,all_resolved,1,1,0,7,0,0,0.35033843556104455
1,B,-0.5,11,141,all_resolved,1,1,0,7,0,0,0.2540784496596828
2,B,-0.5,11,154,all_resolved,1,1,0,7,0,0,0.3320936911973425
3,B,-0.5,11,180,all_active_resolved,0,1,0,7,0,0,0.41715871606849414
5,B,-0.5,11,155,all_resolved,1,1,0,7,0,0,0.25456974795560644
8,B,-0.5,11,154,all_resolved,1,1,0,7,0,0,0.3065818361189901
10,B,-0.5,11,157,all_resolved,1,1,1,7,0,0,0.3588223979528237
1,B,-0.5,12,140,all_resolved,1,1,0,7,0,0,0.39413854615630356
2,B,-0.5,12,140,all_resolved,1,1,0,7,0,0,0.3834848483689415
3,B,-0.5,12,156,all_resolved,1,1,0,7,0,0,0.32529232387705254
5,B,-0.5,12,141,all_resolved,1,1,0,7,0,0,0.4263279151441845
8,B,-0.5,12,140,all_resolved,1,1,0,7,0,0,0.426463452634349
10,B,-0.5,12,162,all_resolved,1,1,1,7,0,0,0.4250045629106793
1,B,-0.5,13,184,all_active_resolved,0,1,0,7,0,0,0.3921228232909522
2,B,-0.5,13,153,all_resolved,1,1,1,7,0,0,0.4288398969768816
3,B,-0.5,13,140,all_resolved,1,1,0,7,0,0,0.22467779398331958
5,B,-0.5,13,142,all_resolved,1,1,0,7,0,0,0.40889116719974733
8,B,-0.5,13,141,all_resolved,1,1,0,7,0,0,0.14385809110359027
10,B,-0.5,13,143,all_resolved,1,1,0,7,0,0,0.23123089831019383
1,B,-0.5,14,140,all_resolved,1,1,0,7,0,0,0.34545776520393073
2,B,-0.5,14,140,all_resolved,1,1,0,7,0,0,0.2579560103462107
3,B,-0.5,14,140,all_resolved,1,1,0,7,0,0,0.4558780053689607
5,B,-0.5,14,140,all_resolved,1,1,0,7,0,0,0.3252800386895605
8,B,-0.5,14,177,all_resolved,1,1,0,7,0,0,0.4109233435865241
10,B,-0.5,14,140,all_resolved,1,1,0,7,0,0,0.24728832940701687
1,B,-0.5,15,151,all_resolved,1,1,0,7,0,0,0.26775967924248567
2,B,-0.5,15,145,all_resolved,1,1,0,7,0,0,0.3568855164858177
3,B,-0.5,15,163,all_resolved,1,1,0,7,0,0,0.36225401431716786
5,B,-0.5,15,140,all_resolved,1,1,0,7,0,0,0.30752878247180016
8,B,-0.5,15,140,all_resolved,1,1,0,7,0,0,0.38289032329284856
10,B,-0.5,15,141,all_resolved,1,1,0,7,0,0,0.20044560959193117
1,B,-0.5,16,141,all_resolved,1,1,0,7,0,0,0.3564982255743582
2,B,-0.5,16,140,all_resolved,1,1,0,7,0,0,0.6395149050526966
3,B,-0.5,16,144,all_resolved,1,1,0,7,0,0,0.2051656653828742
5,B,-0.5,16,140,all_resolved,1,1,0,7,0,0,0.40799259361316687
8,B,-0.5,16,144,all_resolved,1,1,0,7,0,0,0.4698055610760533
10,B,-0.5,16,140,all_resolved,1,1,0,7,0,0,0.5925956538483123
1,B,-0.5,17,140,all_resolved,1,1,0,7,0,0,0.2908457906636354
2,B,-0.5,17,140,all_resolved,1,1,0,7,0,0,0.19335906259748833
3,B,-0.5,17,150,all_resolved,1,1,0,7,0,0,0.351416042566926
5,B,-0.5,17,140,all_resolved,1,1,0,7,0,0,0.25983734157144606
8,B,-0.5,17,209,all_active_resolved,0,1,0,7,0,0,0.4995578553930407
10,B,-0.5,17,160,all_resolved,1,1,0,7,0,0,0.24064721189281618
1,B,-0.5,18,149,all_resolved,1,1,0,7,0,0,0.5609185764727787
2,B,-0.5,18,146,all_resolved,1,1,0,7,0,0,0.251758387902194
3,B,-0.5,18,149,all_resolved,1,1,0,7,0,0,0.32421891059458485
5,B,-0.5,18,143,all_resolved,1,1,0,7,0,0,0.24271433745181398
8,B,-0.5,18,159,all_resolved,1,1,0,7,0,0,0.4299747553927455
10,B,-0.5,18,142,all_resolved,1,1,0,7,0,0,0.24086042512539999
1,B,-0.5,19,141,all_resolved,1,1,0,7,0,0,0.38492793693895433
2,B,-0.5,19,160,all_resolved,1,1,0,7,0,0,0.3628854846860968
3,B,-0.5,19,141,all_resolved,1,1,0,7,0,0,0.3464819376831826
5,B,-0.5,19,140,all_resolved,1,1,0,7,0,0,0.3269694972960107
8,B,-0.5,19,140,all_resolved,1,1,0,7,0,0,0.8682125370083986
10,B,-0.5,19,140,all_resolved,1,1,0,7,0,0,0.47070767030173777
1,B,-0.5,20,140,all_resolved,1,1,0,7,0,0,0.2703603164971261
2,B,-0.5,20,160,all_resolved,1,1,0,7,0,0,0.4934090442496653
3,B,-0.5,20,194,all_resolved,1,1,0,7,0,0,0.3749551040590938
5,B,-0.5,20,165,all_resolved,1,1,0,7,0,0,0.262277202643613
8,B,-0.5,20,164,all_resolved,1,1,0,7,0,0,0.3873355300086004
10,B,-0.5,20,146,all_resolved,1,1,0,7,0,0,0.21432204012503567
1,B,-0.5,21,183,all_resolved,1,1,0,7,0,0,0.7096259464924639
2,B,-0.5,21,141,all_resolved,1,1,0,7,0,0,0.4750226927777169
3,B,-0.5,21,141,all_resolved,1,1,0,7,0,0,0.3909890443728049
5,B,-0.5,21,140,all_resolved,1,1,0,7,0,0,0.30082143685819457
8,B,-0.5,21,180,all_active_resolved,0,1,0,7,0,0,0.4486898569709958
10,B,-0.5,21,143,all_resolved,1,1,0,7,0,0,0.3868580914887101
1,B,-0.5,22,140,all_resolved,1,1,0,7,0,0,0.22485439344209182
2,B,-0.5,22,142,all_resolved,1,1,0,7,0,0,0.16664866880779552
3,B,-0.5,22,140,all_resolved,1,1,0,7,0,0,0.11447893089331099
5,B,-0.5,22,144,all_resolved,1,1,0,7,0,0,0.269084489007683
8,B,-0.5,22,140,all_resolved,1,1,0,7,0,0,0.2682386283986234
10,B,-0.5,22,152,all_resolved,1,1,0,7,0,0,0.3275613943310871
1,B,-0.5,23,140,all_resolved,1,1,0,7,0,0,0.17274334456346865
2,B,-0.5,23,140,all_resolved,1,1,0,7,0,0,0.27190265272755293
3,B,-0.5,23,145,all_resolved,1,1,0,7,0,0,0.3416308661990077
5,B,-0.5,23,150,all_resolved,1,1,0,7,0,0,0.46276038152659155
8,B,-0.5,23,142,all_resolved,1,1,0,7,0,0,0.20986093318493199
10,B,-0.5,23,140,all_resolved,1,1,0,7,0,0,0.20277233198531602
1,B,-0.5,24,167,all_resolved,1,1,0,7,0,0,0.321473508901467
2,B,-0.5,24,140,all_resolved,1,1,0,7,0,0,0.3331212346452749
3,B,-0.5,24,141,all_resolved,1,1,0,7,0,0,0.1660885413262459
5,B,-0.5,24,141,all_resolved,1,1,0,7,0,0,0.3676983860819041
8,B,-0.5,24,149,all_resolved,1,1,0,7,0,0,0.4261997692476601
10,B,-0.5,24,149,all_resolved,1,1,0,7,0,0,0.37321848094670657
1,B,-0.5,25,140,all_resolved,1,1,0,7,0,0,0.41970808411437194
2,B,-0.5,25,142,all_resolved,1,1,0,7,0,0,0.3540343869169327
3,B,-0.5,25,176,all_resolved,1,1,0,7,0,0,0.2604762538612405
5,B,-0.5,25,154,all_resolved,1,1,0,7,0,0,0.2273365130965765
8,B,-0.5,25,163,all_resolved,1,1,0,7,0,0,0.3017778284671929
10,B,-0.5,25,211,all_resolved,1,1,1,7,0,0,0.5090794673416859
1,B,0.0,0,300,bank_exhausted,0,0,0,6,0,0,0.3985906623247474
2,B,0.0,0,224,all_active_resolved,0,0,1,6,0,0,0.39390638114687765
3,B,0.0,0,153,all_resolved,1,0,1,6,0,0,0.403846446349946
5,B,0.0,0,165,all_resolved,1,0,0,6,0,0,0.2523981848296571
8,B,0.0,0,260,all_resolved,1,0,2,6,0,0,0.39653635778961027
10,B,0.0,0,140,all_resolved,1,0,0,6,0,0,0.3426039446073692
1,B,0.0,1,300,bank_exhausted,0,0,0,6,0,0,0.35114295729034467
2,B,0.0,1,218,all_active_resolved,0,0,0,6,0,0,0.333729083504637
3,B,0.0,1,300,bank_exhausted,0,0,0,6,0,0,0.24870316664114706
5,B,0.0,1,163,all_resolved,1,0,0,6,0,0,0.2920466174098082
8,B,0.0,1,181,all_resolved,1,0,2,6,0,0,0.3455250169384373
10,B,0.0,1,250,all_resolved,1,0,0,6,0,0,0.12925323929005647
1,B,0.0,2,264,all_resolved,1,0,0,6,0,0,0.30236124112380913
2,B,0.0,2,197,all_resolved,1,0,0,6,0,0,0.2773308351035283
3,B,0.0,2,263,all_resolved,1,0,1,6,0,0,0.4699243305632906
5,B,0.0,2,143,all_resolved,1,0,0,6,0,0,0.19774766820691408
8,B,0.0,2,185,all_resolved,1,0,0,6,0,0,0.32085978789339864
10,B,0.0,2,282,all_active_resolved,0,0,2,6,0,0,0.4526273176730172
1,B,0.0,3,300,bank_exhausted,0,0,0,6,0,0,0.3804574024111185
2,B,0.0,3,264,all_resolved,1,0,1,6,0,0,0.31693451356232905
3,B,0.0,3,186,all_active_resolved,0,0,0,6,0,0,0.2600795403949449
5,B,0.0,3,192,all_resolved,1,0,0,6,0,0,0.2089669152448483
8,B,0.0,3,300,bank_exhausted,0,0,1,6,0,0,0.3094991437698562
10,B,0.0,3,218,all_resolved,1,0,1,6,0,0,0.3863143119641727
1,B,0.0,4,300,bank_exhausted,0,0,0,6,0,0,0.3147410392190147
2,B,0.0,4,300,bank_exhausted,0,0,1,6,0,0,0.4562975878652299
3,B,0.0,4,172,all_resolved,1,0,2,6,0,0,0.40093684664048723
5,B,0.0,4,179,all_resolved,1,0,2,6,0,0,0.3982966483824882
8,B,0.0,4,203,all_resolved,1,0,0,6,0,0,0.21584453931204214
10,B,0.0,4,140,all_resolved,1,0,0,6,0,0,0.42248156779974505
1,B,0.0,5,184,all_active_resolved,0,0,0,6,0,0,0.2911366662840826
2,B,0.0,5,300,bank_exhausted,0,0,1,6,0,0,0.56815058875269
3,B,0.0,5,218,all_active_resolved,0,0,0,6,0,0,0.4371238828277618
5,B,0.0,5,184,all_active_resolved,0,0,0,6,0,0,0.3117153953157814
8,B,0.0,5,300,bank_exhausted,0,0,0,6,0,0,0.44498959109744707
10,B,0.0,5,181,all_active_resolved,0,0,0,6,0,0,0.2195670833821229
1,B,0.0,6,171,all_resolved,1,0,0,6,0,0,0.27344301862119785
2,B,0.0,6,258,all_resolved,1,0,0,6,0,0,0.3290105602550911
3,B,0.0,6,300,bank_exhausted,0,0,0,6,0,0,0.1796692707293348
5,B,0.0,6,245,all_active_resolved,0,0,0,6,0,0,0.2318832924308331
8,B,0.0,6,297,all_active_resolved,0,0,0,6,0,0,0.18590868207069314
10,B,0.0,6,207,all_resolved,1,0,2,6,0,0,0.4803732042022894
1,B,0.0,7,300,bank_exhausted,0,0,0,6,0,0,0.23639948772356306
2,B,0.0,7,244,all_resolved,1,0,0,6,0,0,0.21961299517891383
3,B,0.0,7,212,all_resolved,1,0,0,6,0,0,0.1976377074491699
5,B,0.0,7,180,all_resolved,1,0,0,6,0,0,0.24848784168103225
8,B,0.0,7,195,all_resolved,1,0,1,6,0,0,0.41031519201113487
10,B,0.0,7,181,all_resolved,1,0,0,6,0,0,0.2894023908664227
1,B,0.0,8,267,all_resolved,1,0,1,6,0,0,0.34511651682471783
2,B,0.0,8,300,bank_exhausted,0,0,0,6,0,0,0.37625521189481687
3,B,0.0,8,202,all_active_resolved,0,0,0,6,0,0,0.21572842200810535
5,B,0.0,8,144,all_resolved,1,0,1,6,0,0,0.5779528081828212
8,B,0.0,8,141,all_resolved,1,0,0,6,0,0,0.1479993424374964
10,B,0.0,8,177,all_resolved,1,0,0,6,0,0,0.20516989907235855
1,B,0.0,9,300,bank_exhausted,0,0,1,6,0,0,0.40298273893734315
2,B,0.0,9,212,all_active_resolved,0,0,0,6,0,0,0.2903939027121946
3,B,0.0,9,204,all_active_resolved,0,0,2,6,0,0,0.42614116574572597
5,B,0.0,9,269,all_active_resolved,0,0,1,6,0,0,0.4847013512148948
8,B,0.0,9,300,bank_exhausted,0,0,0,6,0,0,0.3283193403025093
10,B,0.0,9,167,all_resolved,1,0,0,6,0,0,0.2115324817183119
1,B,0.0,10,240,all_active_resolved,0,0,1,6,0,0,0.3628036287080109
2,B,0.0,10,201,all_resolved,1,0,0,6,0,0,0.15221014948747075
3,B,0.0,10,170,all_resolved,1,0,0,6,0,0,0.22039377652460587
5,B,0.0,10,216,all_resolved,1,0,2,6,0,0,0.32541837412617064
8,B,0.0,10,193,all_active_resolved,0,0,4,6,0,0,0.7707270709654354
10,B,0.0,10,267,all_resolved,1,0,0,6,0,0,0.30503038718524017
1,B,0.0,11,203,all_resolved,1,0,2,6,0,0,0.4865994970697137
2,B,0.0,11,210,all_resolved,1,0,0,6,0,0,0.3809177471177225
3,B,0.0,11,255,all_resolved,1,0,0,6,0,0,0.2669193086815932
5,B,0.0,11,154,all_resolved,1,0,1,6,0,0,0.3495609160772419
8,B,0.0,11,146,all_resolved,1,0,0,6,0,0,0.3585742172424661
10,B,0.0,11,152,all_resolved,1,0,0,6,0,0,0.32470904885310276
1,B,0.0,12,152,all_resolved,1,0,0,6,0,0,0.18372930075388866
2,B,0.0,12,140,all_resolved,1,0,1,6,0,0,0.48316509363748417
3,B,0.0,12,219,all_resolved,1,0,0,6,0,0,0.3122105575324145
5,B,0.0,12,300,bank_exhausted,0,0,0,6,0,0,0.34950480311654925
8,B,0.0,12,271,all_resolved,1,0,0,6,0,0,0.22757680326814148
10,B,0.0,12,291,all_resolved,1,0,0,6,0,0,0.3636539454328192
1,B,0.0,13,217,all_active_resolved,0,0,0,6,0,0,0.4419618822488211
2,B,0.0,13,300,bank_exhausted,0,0,1,6,0,0,0.4054407014253397
3,B,0.0,13,300,bank_exhausted,0,0,0,6,0,0,0.24264195010291248
5,B,0.0,13,233,all_active_resolved,0,0,1,6,0,0,0.3369423284220601
8,B,0.0,13,199,all_resolved,1,0,0,6,0,0,0.2516968094870679
10,B,0.0,13,205,all_resolved,1,0,2,6,0,0,0.4873776276320279
1,B,0.0,14,300,bank_exhausted,0,0,0,6,0,0,0.47918781616019185
2,B,0.0,14,300,bank_exhausted,0,0,1,6,0,0,0.5144266266437436
3,B,0.0,14,147,all_resolved,1,0,1,6,0,0,0.3452660765556757
5,B,0.0,14,159,all_resolved,1,0,1,6,0,0,0.28258559761444235
8,B,0.0,14,155,all_resolved,1,0,1,6,0,0,0.5825061597240814
10,B,0.0,14,215,all_resolved,1,0,0,6,0,0,0.2837630071182975
1,B,0.0,15,192,all_active_resolved,0,0,1,6,0,0,0.3956678425479395
2,B,0.0,15,181,all_active_resolved,0,0,0,6,0,0,0.2103141329508187
3,B,0.0,15,251,all_resolved,1,0,0,6,0,0,0.2090706039970924
5,B,0.0,15,206,all_active_resolved,0,0,1,6,0,0,0.3906642073901471
8,B,0.0,15,150,all_resolved,1,0,1,6,0,0,0.34639976964378555
10,B,0.0,15,300,bank_exhausted,0,0,2,6,0,0,0.398676593626863
1,B,0.0,16,161,all_resolved,1,0,1,6,0,0,0.37460883809852064
2,B,0.0,16,167,all_resolved,1,0,0,6,0,0,0.36518539857747323
3,B,0.0,16,229,all_resolved,1,0,1,6,0,0,0.1545509760568732
5,B,0.0,16,205,all_active_resolved,0,0,0,6,0,0,0.3087302027829058
8,B,0.0,16,219,all_active_resolved,0,0,1,6,0,0,0.3609192696228472
10,B,0.0,16,183,all_resolved,1,0,0,6,0,0,0.239636845544361
1,B,0.0,17,193,all_resolved,1,0,1,6,0,0,0.33318678434783877
2,B,0.0,17,151,all_resolved,1,0,1,6,0,0,0.36625500829310653
3,B,0.0,17,300,bank_exhausted,0,0,0,6,0,0,0.1563514223766135
5,B,0.0,17,300,bank_exhausted,0,0,0,6,0,0,0.1934179101993864
8,B,0.0,17,166,all_resolved,1,0,0,6,0,0,0.15360560817040825
10,B,0.0,17,173,all_resolved,1,0,0,6,0,0,0.2801688842310501
1,B,0.0,18,190,all_resolved,1,0,0,6,0,0,0.5995369830516181
2,B,0.0,18,300,bank_exhausted,0,0,0,6,0,0,0.3995147323028636
3,B,0.0,18,141,all_resolved,1,0,0,6,0,0,0.38676869195086494
5,B,0.0,18,239,all_resolved,1,0,0,6,0,0,0.35831665307066113
8,B,0.0,18,145,all_resolved,1,0,0,6,0,0,0.40953865864156286
10,B,0.0,18,151,all_resolved,1,0,0,6,0,0,0.3621873634909149
1,B,0.0,19,300,bank_exhausted,0,0,0,6,0,0,0.2551602746604022
2,B,0.0,19,300,bank_exhausted,0,0,1,6,0,0,0.46210946723276647
3,B,0.0,19,198,all_resolved,1,0,0,6,0,0,0.15781992272443304
5,B,0.0,19,300,bank_exhausted,0,0,0,6,0,0,0.2341674288405255
8,B,0.0,19,198,all_resolved,1,0,4,6,0,0,0.7897447956943578
10,B,0.0,19,259,all_active_resolved,0,0,0,6,0,0,0.28166106373339306
1,B,0.0,20,182,all_resolved,1,0,0,6,0,0,0.28528892457254035
2,B,0.0,20,300,bank_exhausted,0,0,0,6,0,0,0.36962819620188203
3,B,0.0,20,181,all_active_resolved,0,0,0,6,0,0,0.39628772762098274
5,B,0.0,20,182,all_resolved,1,0,0,6,0,0,0.4500902499057795
8,B,0.0,20,170,all_resolved,1,0,0,6,0,0,0.33885110541829283
10,B,0.0,20,183,all_resolved,1,0,0,6,0,0,0.3295838660267883
1,B,0.0,21,300,bank_exhausted,0,0,1,6,0,0,0.3049569711322106
2,B,0.0,21,300,bank_exhausted,0,0,0,6,0,0,0.2759693416944231
3,B,0.0,21,232,all_active_resolved,0,0,0,6,0,0,0.23560141326220882
5,B,0.0,21,300,bank_exhausted,0,0,0,6,0,0,0.3866349026032458
8,B,0.0,21,172,all_resolved,1,0,1,6,0,0,0.43878187955823866
10,B,0.0,21,189,all_resolved,1,0,1,6,0,0,0.25730337917897944
1,B,0.0,22,270,all_resolved,1,0,1,6,0,0,0.43537169473387044
2,B,0.0,22,140,all_resolved,1,0,0,6,0,0,0.4431538321119863
3,B,0.0,22,207,all_resolved,1,0,0,6,0,0,0.30458152686091833
5,B,0.0,22,155,all_resolved,1,0,1,6,0,0,0.4448719364359605
8,B,0.0,22,145,all_resolved,1,0,0,6,0,0,0.2266548030596303
10,B,0.0,22,170,all_resolved,1,0,1,6,0,0,0.4995369120395067
1,B,0.0,23,300,bank_exhausted,0,0,0,6,0,0,0.2788059388552519
2,B,0.0,23,207,all_active_resolved,0,0,1,6,0,0,0.4302393528597304
3,B,0.0,23,215,all_active_resolved,0,0,0,6,0,0,0.22363208797256037
5,B,0.0,23,165,all_resolved,1,0,3,6,0,0,0.49796428393693665
8,B,0.0,23,140,all_resolved,1,0,1,6,0,0,0.4590323928451701
10,B,0.0,23,293,all_active_resolved,0,0,0,6,0,0,0.21123829368579447
1,B,0.0,24,300,bank_exhausted,0,0,1,6,0,0,0.43122081590053835
2,B,0.0,24,257,all_active_resolved,0,0,0,6,0,0,0.21644472266165246
3,B,0.0,24,193,all_resolved,1,0,2,6,0,0,0.5404825845704474
5,B,0.0,24,149,all_resolved,1,0,0,6,0,0,0.33258589579383957
8,B,0.0,24,207,all_resolved,1,0,0,6,0,0,0.25053296871182235
10,B,0.0,24,242,all_resolved,1,0,1,6,0,0,0.3181181124029791
1,B,0.0,25,300,bank_exhausted,0,0,1,6,0,0,0.24638892184259067
2,B,0.0,25,185,all_active_resolved,0,0,0,6,0,0,0.3368907752619791
3,B,0.0,25,215,all_active_resolved,0,0,1,6,0,0,0.3953033016030173
5,B,0.0,25,241,all_active_resolved,0,0,0,6,0,0,0.14797327760561885
8,B,0.0,25,227,all_active_resolved,0,0,1,6,0,0,0.3728076195518974
10,B,0.0,25,300,bank_exhausted,0,0,0,6,0,0,0.33727136439458577
1,B,0.4,0,300,bank_exhausted,0,0,0,0,0,0,0.4071419217752334
2,B,0.4,0,286,all_active_resolved,0,0,0,0,0,0,0.47210592146721797
3,B,0.4,0,195,all_resolved,1,0,0,0,0,0,0.5848369636072528
5,B,0.4,0,300,bank_exhausted,0,0,0,0,0,0,0.39785602957659366
8,B,0.4,0,300,bank_exhausted,0,0,0,0,0,0,0.3839939624965873
10,B,0.4,0,300,bank_exhausted,0,0,0,0,0,0,0.37110342934609525
1,B,0.4,1,300,bank_exhausted,0,0,0,0,0,0,0.30536291575748997
2,B,0.4,1,300,bank_exhausted,0,0,0,0,0,0,0.40978454521846414
3,B,0.4,1,300,bank_exhausted,0,0,0,0,0,0,0.4731764838831275
5,B,0.4,1,289,all_active_resolved,0,0,0,0,0,0,0.3067527229716133
8,B,0.4,1,255,all_active_resolved,0,0,0,0,0,0,0.39689567564064543
10,B,0.4,1,300,bank_exhausted,0,0,0,0,0,0,0.4421835776648204
1,B,0.4,2,300,bank_exhausted,0,0,0,0,0,0,0.4524145243281698
2,B,0.4,2,300,bank_exhausted,0,0,0,0,0,0,0.41958265948579265
3,B,0.4,2,300,bank_exhausted,0,0,0,0,0,0,0.4837556194188371
5,B,0.4,2,234,all_resolved,1,0,0,0,0,0,0.42204007767339025
8,B,0.4,2,300,bank_exhausted,0,0,0,0,0,0,0.22512929079665622
10,B,0.4,2,196,all_resolved,1,0,0,0,0,0,0.34860936623690514
1,B,0.4,3,300,bank_exhausted,0,0,0,0,0,0,0.40762234788103757
2,B,0.4,3,233,all_resolved,1,0,0,0,0,0,0.4615018810717809
3,B,0.4,3,300,bank_exhausted,0,0,0,0,0,0,0.37027665143358607
5,B,0.4,3,181,all_resolved,1,0,0,0,0,0,0.5349760899849166
8,B,0.4,3,247,all_resolved,1,0,0,0,0,0,0.49071102926487187
10,B,0.4,3,300,bank_exhausted,0,0,0,0,0,0,0.41948057772963426
1,B,0.4,4,300,bank_exhausted,0,0,0,0,0,0,0.38156977566558564
2,B,0.4,4,268,all_active_resolved,0,0,0,0,0,0,0.5309729202906242
3,B,0.4,4,300,bank_exhausted,0,0,0,0,0,0,0.3798543886446963
5,B,0.4,4,214,all_resolved,1,0,0,0,0,0,0.5524323794957396
8,B,0.4,4,300,bank_exhausted,0,0,0,0,0,0,0.44523579103600613
10,B,0.4,4,232,all_active_resolved,0,0,0,0,0,0,0.415600011051887
1,B,0.4,5,300,bank_exhausted,0,0,0,0,0,0,0.5299525346333335
2,B,0.4,5,300,bank_exhausted,0,0,0,0,0,0,0.3766685423864981
3,B,0.4,5,266,all_active_resolved,0,0,0,0,0,0,0.41875664184785377
5,B,0.4,5,243,all_resolved,1,0,0,0,0,0,0.4636587632963604
8,B,0.4,5,300,bank_exhausted,0,0,0,0,0,0,0.3356233251778713
10,B,0.4,5,226,all_active_resolved,0,0,0,0,0,0,0.2624585888292852
1,B,0.4,6,300,bank_exhausted,0,0,0,0,0,0,0.4390342597941702
2,B,0.4,6,141,all_resolved,1,0,0,0,0,0,0.76493139877342
3,B,0.4,6,298,all_resolved,1,0,0,0,0,0,0.4415669991420154
5,B,0.4,6,300,bank_exhausted,0,0,0,0,0,0,0.35665246594611705
8,B,0.4,6,300,bank_exhausted,0,0,0,0,0,0,0.39866213827652536
10,B,0.4,6,227,all_resolved,1,0,0,0,0,0,0.4764116239223088
1,B,0.4,7,293,all_active_resolved,0,0,0,0,0,0,0.49502045148964585
2,B,0.4,7,300,bank_exhausted,0,0,0,0,0,0,0.48235758190323896
3,B,0.4,7,159,all_resolved,1,0,0,0,0,0,0.6396375200075227
5,B,0.4,7,160,all_resolved,1,0,0,0,0,0,0.6049368356125892
8,B,0.4,7,300,bank_exhausted,0,0,0,0,0,0,0.45327439635308997
10,B,0.4,7,221,all_active_resolved,0,0,0,0,0,0,0.4264019694874453
1,B,0.4,8,300,bank_exhausted,0,0,0,0,0,0,0.4253811030683568
2,B,0.4,8,300,bank_exhausted,0,0,0,0,0,0,0.5511438034161824
3,B,0.4,8,163,all_resolved,1,0,0,0,0,0,0.7017046041300529
5,B,0.4,8,300,bank_exhausted,0,0,0,0,0,0,0.35111503546007833
8,B,0.4,8,279,all_resolved,1,0,0,0,0,0,0.46731599539775337
10,B,0.4,8,300,bank_exhausted,0,0,0,0,0,0,0.3977185374590536
1,B,0.4,9,300,bank_exhausted,0,0,0,0,0,0,0.46517041404741033
2,B,0.4,9,300,bank_exhausted,0,0,0,0,0,0,0.5498655685242035
3,B,0.4,9,300,bank_exhausted,0,0,0,0,0,0,0.5036140633735207
5,B,0.4,9,206,all_resolved,1,0,0,0,0,0,0.5479419051605514
8,B,0.4,9,300,bank_exhausted,0,0,0,0,0,0,0.330473335180885
10,B,0.4,9,157,all_resolved,1,0,0,0,0,0,0.5293534928880764
1,B,0.4,10,149,all_resolved,1,0,0,0,0,0,0.6137728847486423
2,B,0.4,10,300,bank_exhausted,0,0,0,0,0,0,0.4441834181035422
3,B,0.4,10,161,all_resolved,1,0,0,0,0,0,0.6374818483012896
5,B,0.4,10,300,bank_exhausted,0,0,0,0,0,0,0.37309668402937485
8,B,0.4,10,300,bank_exhausted,0,0,0,0,0,0,0.46913894623856606
10,B,0.4,10,256,all_active_resolved,0,0,0,0,0,0,0.4424659862298529
1,B,0.4,11,300,bank_exhausted,0,0,0,0,0,0,0.4060733769487282
2,B,0.4,11,219,all_active_resolved,0,0,0,0,0,0,0.6120702992330197
3,B,0.4,11,238,all_resolved,1,0,0,0,0,0,0.5181027517487814
5,B,0.4,11,255,all_active_resolved,0,0,0,0,0,0,0.48120368174004424
8,B,0.4,11,300,bank_exhausted,0,0,0,0,0,0,0.41870017464003917
10,B,0.4,11,300,bank_exhausted,0,0,0,0,0,0,0.34983492282146195
1,B,0.4,12,300,bank_exhausted,0,0,0,0,0,0,0.46754834746443924
2,B,0.4,12,300,bank_exhausted,0,0,0,0,0,0,0.45113020475783955
3,B,0.4,12,287,all_active_resolved,0,0,0,0,0,0,0.334893938749261
5,B,0.4,12,221,all_resolved,1,0,0,0,0,0,0.5879351849207648
8,B,0.4,12,207,all_resolved,1,0,0,0,0,0,0.5518550686237675
10,B,0.4,12,203,all_active_resolved,0,0,0,0,0,0,0.41537683804255787
1,B,0.4,13,300,bank_exhausted,0,0,0,0,0,0,0.3991271060051876
2,B,0.4,13,300,bank_exhausted,0,0,0,0,0,0,0.45155100929519904
3,B,0.4,13,175,all_resolved,1,0,0,0,0,0,0.4946829386296088
5,B,0.4,13,300,bank_exhausted,0,0,0,0,0,0,0.3254854054754932
8,B,0.4,13,300,bank_exhausted,0,0,0,0,0,0,0.4251309065872693
10,B,0.4,13,300,bank_exhausted,0,0,0,0,0,0,0.4753505573118305
1,B,0.4,14,300,bank_exhausted,0,0,0,0,0,0,0.3986348639000475
2,B,0.4,14,212,all_active_resolved,0,0,0,0,0,0,0.6262470308734939
3,B,0.4,14,300,bank_exhausted,0,0,0,0,0,0,0.44336876737887276
5,B,0.4,14,300,bank_exhausted,0,0,0,0,0,0,0.3705037275567412
8,B,0.4,14,300,bank_exhausted,0,0,0,0,0,0,0.40996064916746194
10,B,0.4,14,266,all_resolved,1,0,0,0,0,0,0.4992778422450103
1,B,0.4,15,300,bank_exhausted,0,0,0,0,0,0,0.5000522032517185
2,B,0.4,15,180,all_active_resolved,0,0,0,0,0,0,0.5918825620115375
3,B,0.4,15,300,bank_exhausted,0,0,0,0,0,0,0.47905077744407976
5,B,0.4,15,151,all_resolved,1,0,0,0,0,0,0.5873412487531402
8,B,0.4,15,204,all_resolved,1,0,0,0,0,0,0.4229715721941794
10,B,0.4,15,235,all_resolved,1,0,0,0,0,0,0.41693485417625864
1,B,0.4,16,300,bank_exhausted,0,0,0,0,0,0,0.3882981203345299
2,B,0.4,16,300,bank_exhausted,0,0,0,0,0,0,0.3954908927663774
3,B,0.4,16,300,bank_exhausted,0,0,0,0,0,0,0.5860131018520204
5,B,0.4,16,213,all_active_resolved,0,0,0,0,0,0,0.458944317887883
8,B,0.4,16,300,bank_exhausted,0,0,0,0,0,0,0.3066312576678287
10,B,0.4,16,300,bank_exhausted,0,0,0,0,0,0,0.3334375412830718
1,B,0.4,17,300,bank_exhausted,0,0,0,0,0,0,0.509981029230363
2,B,0.4,17,211,all_active_resolved,0,0,0,0,0,0,0.5623711176012097
3,B,0.4,17,300,bank_exhausted,0,0,0,0,0,0,0.41728158131335896
5,B,0.4,17,184,all_resolved,1,0,0,0,0,0,0.6173333054496727
8,B,0.4,17,300,bank_exhausted,0,0,0,0,0,0,0.3577311311169228
10,B,0.4,17,300,bank_exhausted,0,0,0,0,0,0,0.34382162088347273
1,B,0.4,18,198,all_resolved,1,0,0,0,0,0,0.5681914318637105
2,B,0.4,18,300,bank_exhausted,0,0,0,0,0,0,0.47089287252569634
3,B,0.4,18,300,bank_exhausted,0,0,0,0,0,0,0.3653884068486746
5,B,0.4,18,178,all_resolved,1,0,0,0,0,0,0.5031632908068103
8,B,0.4,18,250,all_resolved,1,0,0,0,0,0,0.3341992117925674
10,B,0.4,18,300,bank_exhausted,0,0,0,0,0,0,0.36147331915880543
1,B,0.4,19,300,bank_exhausted,0,0,0,0,0,0,0.5309025941888449
2,B,0.4,19,239,all_resolved,1,0,0,0,0,0,0.605888658438775
3,B,0.4,19,264,all_active_resolved,0,0,0,0,0,0,0.5164629827977423
5,B,0.4,19,300,bank_exhausted,0,0,0,0,0,0,0.42842441540337595
8,B,0.4,19,300,bank_exhausted,0,0,0,0,0,0,0.4745235334791457
10,B,0.4,19,300,bank_exhausted,0,0,0,0,0,0,0.46855061439264245
1,B,0.4,20,300,bank_exhausted,0,0,0,0,0,0,0.47368325518731264
2,B,0.4,20,300,bank_exhausted,0,0,0,0,0,0,0.5338089625089821
3,B,0.4,20,300,bank_exhausted,0,0,0,0,0,0,0.4733147047221517
5,B,0.4,20,300,bank_exhausted,0,0,0,0,0,0,0.397791037485113
8,B,0.4,20,300,bank_exhausted,0,0,0,0,0,0,0.377949073937694
10,B,0.4,20,300,bank_exhausted,0,0,0,0,0,0,0.39964916667556044
1,B,0.4,21,300,bank_exhausted,0,0,0,0,0,0,0.2943400551754466
2,B,0.4,21,300,bank_exhausted,0,0,0,0,0,0,0.33803979920144095
3,B,0.4,21,300,bank_exhausted,0,0,0,0,0,0,0.46091026768849774
5,B,0.4,21,300,bank_exhausted,0,0,0,0,0,0,0.29230082068876223
8,B,0.4,21,300,bank_exhausted,0,0,0,0,0,0,0.31597415323179767
10,B,0.4,21,215,all_active_resolved,0,0,0,0,0,0,0.5381865055733718
1,B,0.4,22,300,bank_exhausted,0,0,0,0,0,0,0.3985838953842113
2,B,0.4,22,300,bank_exhausted,0,0,0,0,0,0,0.501108936049669
3,B,0.4,22,300,bank_exhausted,0,0,0,0,0,0,0.34277009049729845
5,B,0.4,22,300,bank_exhausted,0,0,0,0,0,0,0.2921468388254104
8,B,0.4,22,244,all_resolved,1,0,0,0,0,0,0.6406283617982709
10,B,0.4,22,300,bank_exhausted,0,0,0,0,0,0,0.39123313899842355
1,B,0.4,23,300,bank_exhausted,0,0,0,0,0,0,0.4750622117922578
2,B,0.4,23,300,bank_exhausted,0,0,0,0,0,0,0.458369356939674
3,B,0.4,23,300,bank_exhausted,0,0,0,0,0,0,0.42919364540720695
5,B,0.4,23,148,all_resolved,1,0,0,0,0,0,0.5700647825768699
8,B,0.4,23,182,all_active_resolved,0,0,0,0,0,0,0.44743025301871747
10,B,0.4,23,264,all_resolved,1,0,0,0,0,0,0.386629447589959
1,B,0.4,24,300,bank_exhausted,0,0,0,0,0,0,0.4723512881956796
2,B,0.4,24,300,bank_exhausted,0,0,0,0,0,0,0.34899670987538023
3,B,0.4,24,212,all_active_resolved,0,0,0,0,0,0,0.46465475713031246
5,B,0.4,24,300,bank_exhausted,0,0,0,0,0,0,0.4764280154961109
8,B,0.4,24,185,all_resolved,1,0,0,0,0,0,0.5429639376516066
10,B,0.4,24,192,all_active_resolved,0,0,0,0,0,0,0.5075290544699659
1,B,0.4,25,292,all_active_resolved,0,0,0,0,0,0,0.46869116246128656
2,B,0.4,25,254,all_resolved,1,0,0,0,0,0,0.417765134038654
3,B,0.4,25,258,all_resolved,1,0,0,0,0,0,0.46778419569433866
5,B,0.4,25,275,all_resolved,1,0,0,0,0,0,0.5929645803884638
8,B,0.4,25,300,bank_exhausted,0,0,0,0,0,0,0.43551833214704333
10,B,0.4,25,300,bank_exhausted,0,0,0,0,0,0,0.4539989879670636
1,B,0.8,0,202,all_resolved,1,1,0,0,0,6,0.36161883531741995
2,B,0.8,0,300,bank_exhausted,0,1,0,0,1,6,0.29770107422920616
3,B,0.8,0,191,all_active_resolved,0,1,0,0,0,6,0.3861893825367387
5,B,0.8,0,300,bank_exhausted,0,1,0,0,0,6,0.1325873830689674
8,B,0.8,0,187,all_resolved,1,1,0,0,0,6,0.4213377794400747
10,B,0.8,0,300,bank_exhausted,0,1,0,0,1,6,0.32504343292903204
1,B,0.8,1,300,bank_exhausted,0,1,0,0,3,6,0.5399604533799345
2,B,0.8,1,300,bank_exhausted,0,1,0,0,1,6,0.23178956080623817
3,B,0.8,1,300,bank_exhausted,0,1,0,0,1,6,0.37520189095520673
5,B,0.8,1,244,all_resolved,1,1,0,0,1,6,0.34255413456771894
8,B,0.8,1,274,all_resolved,1,1,0,0,0,6,0.18070492879470862
10,B,0.8,1,263,all_active_resolved,0,1,0,0,1,6,0.3148638161708144
1,B,0.8,2,300,bank_exhausted,0,1,0,0,0,6,0.22609392238937498
2,B,0.8,2,300,bank_exhausted,0,1,0,0,1,6,0.46260367108386774
3,B,0.8,2,300,bank_exhausted,0,1,0,0,1,6,0.4462560132546639
5,B,0.8,2,205,all_resolved,1,1,0,0,2,6,0.3586854262372607
8,B,0.8,2,198,all_resolved,1,1,0,0,2,6,0.45453285156756185
10,B,0.8,2,233,all_resolved,1,1,0,0,2,6,0.36371504367103263
1,B,0.8,3,178,all_resolved,1,1,0,0,1,6,0.39361449583524594
2,B,0.8,3,202,all_resolved,1,1,0,0,1,6,0.35224337740741973
3,B,0.8,3,210,all_resolved,1,1,0,0,2,6,0.3683468055891551
5,B,0.8,3,300,bank_exhausted,0,1,0,0,0,6,0.27127769071619245
8,B,0.8,3,300,bank_exhausted,0,1,0,0,0,6,0.3307684395254906
10,B,0.8,3,257,all_resolved,1,1,0,0,4,6,0.5696241085281756
1,B,0.8,4,300,bank_exhausted,0,1,0,0,0,6,0.27691158049779213
2,B,0.8,4,300,bank_exhausted,0,1,0,0,0,6,0.2517768507817396
3,B,0.8,4,240,all_resolved,1,1,0,0,0,6,0.21021400126947087
5,B,0.8,4,238,all_active_resolved,0,1,0,0,0,6,0.3408924247472796
8,B,0.8,4,268,all_active_resolved,0,1,0,0,0,6,0.17141975769504697
10,B,0.8,4,170,all_resolved,1,1,0,0,1,6,0.32755773956957074
1,B,0.8,5,300,bank_exhausted,0,1,0,0,0,6,0.28728776782470955
2,B,0.8,5,300,bank_exhausted,0,1,0,0,1,6,0.38462522823972123
3,B,0.8,5,211,all_resolved,1,1,0,0,0,6,0.3097908386479608
5,B,0.8,5,300,bank_exhausted,0,1,0,0,0,6,0.14871971217845933
8,B,0.8,5,288,all_resolved,1,1,0,0,2,6,0.29507259741229314
10,B,0.8,5,235,all_resolved,1,1,0,0,0,6,0.37887676980738405
1,B,0.8,6,256,all_resolved,1,1,0,0,1,6,0.3161997163439036
2,B,0.8,6,205,all_active_resolved,0,1,0,0,1,6,0.2910976131711503
3,B,0.8,6,300,bank_exhausted,0,1,0,0,1,6,0.30070744394867344
5,B,0.8,6,233,all_resolved,1,1,0,0,0,6,0.2468942413040749
8,B,0.8,6,300,bank_exhausted,0,1,0,0,0,6,0.24216476525759742
10,B,0.8,6,201,all_resolved,1,1,0,0,1,6,0.456493904358939
1,B,0.8,7,300,bank_exhausted,0,1,0,0,0,6,0.32425176482881196
2,B,0.8,7,300,bank_exhausted,0,1,0,0,0,6,0.22635461325808265
3,B,0.8,7,300,bank_exhausted,0,1,0,0,1,6,0.36317846664417824
5,B,0.8,7,187,all_resolved,1,1,0,0,0,6,0.3581781914965988
8,B,0.8,7,164,all_resolved,1,1,0,0,1,6,0.28092804064506155
10,B,0.8,7,300,bank_exhausted,0,1,0,0,1,6,0.2962822405660396
1,B,0.8,8,159,all_resolved,1,1,0,0,1,6,0.5336075393754606
2,B,0.8,8,300,bank_exhausted,0,1,0,0,0,6,0.26273345923821784
3,B,0.8,8,300,bank_exhausted,0,1,0,0,0,6,0.33345612033362054
5,B,0.8,8,300,bank_exhausted,0,1,0,0,1,6,0.3395557000516166
8,B,0.8,8,206,all_active_resolved,0,1,0,0,0,6,0.269891914358894
10,B,0.8,8,300,bank_exhausted,0,1,0,0,1,6,0.3626106616417916
1,B,0.8,9,300,bank_exhausted,0,1,0,0,1,6,0.23718819263499946
2,B,0.8,9,264,all_active_resolved,0,1,0,0,2,6,0.3832086930950029
3,B,0.8,9,300,bank_exhausted,0,1,0,0,1,6,0.23872999310270485
5,B,0.8,9,181,all_resolved,1,1,0,0,0,6,0.23376840207831542
8,B,0.8,9,207,all_resolved,1,1,0,0,2,6,0.4167983598168426
10,B,0.8,9,260,all_active_resolved,0,1,0,0,0,6,0.24665904426283328
1,B,0.8,10,300,bank_exhausted,0,1,0,0,0,6,0.21879242668749815
2,B,0.8,10,210,all_active_resolved,0,1,0,0,2,6,0.44394414035241775
3,B,0.8,10,167,all_resolved,1,1,0,0,1,6,0.5217617261261273
5,B,0.8,10,300,bank_exhausted,0,1,0,0,0,6,0.2522893999807877
8,B,0.8,10,224,all_resolved,1,1,0,0,0,6,0.24602075290999428
10,B,0.8,10,156,all_resolved,1,1,0,0,2,6,0.5124736429406772
1,B,0.8,11,282,all_resolved,1,1,0,0,1,6,0.3985091796194177
2,B,0.8,11,300,bank_exhausted,0,1,0,0,2,6,0.3467735368521551
3,B,0.8,11,300,bank_exhausted,0,1,0,0,0,6,0.2224243717586624
5,B,0.8,11,300,bank_exhausted,0,1,0,0,0,6,0.26471176621194425
8,B,0.8,11,205,all_resolved,1,1,0,0,1,6,0.3013583664581591
10,B,0.8,11,184,all_resolved,1,1,0,0,0,6,0.3512202132976115
1,B,0.8,12,300,bank_exhausted,0,1,0,0,0,6,0.2718675673527632
2,B,0.8,12,141,all_resolved,1,1,0,0,1,6,0.6081422858554498
3,B,0.8,12,161,all_resolved,1,1,0,0,2,6,0.4347894060032028
5,B,0.8,12,195,all_active_resolved,0,1,0,0,0,6,0.6208973315185152
8,B,0.8,12,154,all_resolved,1,1,0,0,1,6,0.4775165194580688
10,B,0.8,12,146,all_resolved,1,1,0,0,0,6,0.20439669942493124
1,B,0.8,13,300,bank_exhausted,0,1,0,0,1,6,0.2102383848023843
2,B,0.8,13,182,all_resolved,1,1,0,0,1,6,0.3873168877651585
3,B,0.8,13,300,bank_exhausted,0,1,0,0,0,6,0.3645877101790816
5,B,0.8,13,180,all_active_resolved,0,1,0,0,0,6,0.4275335827903266
8,B,0.8,13,200,all_active_resolved,0,1,0,0,0,6,0.4169127885160839
10,B,0.8,13,264,all_active_resolved,0,1,0,0,0,6,0.35160431951699955
1,B,0.8,14,190,all_active_resolved,0,1,0,0,0,6,0.4156945417829588
2,B,0.8,14,300,bank_exhausted,0,1,0,0,1,6,0.39016884026007953
3,B,0.8,14,262,all_resolved,1,1,0,0,1,6,0.30969364251396053
5,B,0.8,14,254,all_resolved,1,1,0,0,1,6,0.41338673043404167
8,B,0.8,14,274,all_active_resolved,0,1,0,0,0,6,0.23758357877567376
10,B,0.8,14,300,bank_exhausted,0,1,0,0,1,6,0.4343734269964905
1,B,0.8,15,300,bank_exhausted,0,1,0,0,1,6,0.3888108644289963
2,B,0.8,15,222,all_resolved,1,1,0,0,2,6,0.5045347488677513
3,B,0.8,15,212,all_resolved,1,1,0,0,1,6,0.37548643073990984
5,B,0.8,15,300,bank_exhausted,0,1,0,0,1,6,0.34255972998754475
8,B,0.8,15,212,all_active_resolved,0,1,0,0,0,6,0.2519836047178117
10,B,0.8,15,201,all_resolved,1,1,0,0,0,6,0.22641875839948775
1,B,0.8,16,161,all_resolved,1,1,0,0,0,6,0.3247406152247209
2,B,0.8,16,300,bank_exhausted,0,1,0,0,1,6,0.2710955173170634
3,B,0.8,16,300,bank_exhausted,0,1,0,0,1,6,0.3755585203657176
5,B,0.8,16,300,bank_exhausted,0,1,0,0,1,6,0.22267288455734666
8,B,0.8,16,149,all_resolved,1,1,0,0,1,6,0.5316396059022286
10,B,0.8,16,200,all_active_resolved,0,1,0,0,1,6,0.3029559846901935
1,B,0.8,17,300,bank_exhausted,0,1,0,0,0,6,0.21048507187001295
2,B,0.8,17,238,all_resolved,1,1,0,0,0,6,0.357305660120314
3,B,0.8,17,218,all_resolved,1,1,0,0,0,6,0.21702221231626753
5,B,0.8,17,180,all_resolved,1,1,0,0,1,6,0.3048868080485877
8,B,0.8,17,214,all_resolved,1,1,0,0,0,6,0.2585327906754734
10,B,0.8,17,300,bank_exhausted,0,1,0,0,1,6,0.24600846158216547
1,B,0.8,18,300,bank_exhausted,0,1,0,0,1,6,0.36747475967557913
2,B,0.8,18,295,all_resolved,1,1,0,0,0,6,0.235970794146296
3,B,0.8,18,300,bank_exhausted,0,1,0,0,0,6,0.28001554711291865
5,B,0.8,18,165,all_resolved,1,1,0,0,0,6,0.34900378241500424
8,B,0.8,18,196,all_resolved,1,1,0,0,1,6,0.32813378646944386
10,B,0.8,18,300,bank_exhausted,0,1,0,0,0,6,0.2444581779401647
1,B,0.8,19,300,bank_exhausted,0,1,0,0,1,6,0.5162943116159673
2,B,0.8,19,300,bank_exhausted,0,1,0,0,1,6,0.2634404144110156
3,B,0.8,19,256,all_active_resolved,0,1,0,0,1,6,0.47530594275964944
5,B,0.8,19,223,all_resolved,1,1,0,0,2,6,0.3314806396887353
8,B,0.8,19,213,all_resolved,1,1,0,0,2,6,0.46986243705323216
10,B,0.8,19,252,all_resolved,1,1,0,0,0,6,0.25888210344045054
1,B,0.8,20,240,all_resolved,1,1,0,0,0,6,0.306047373090892
2,B,0.8,20,300,bank_exhausted,0,1,0,0,0,6,0.2801456060715572
3,B,0.8,20,190,all_resolved,1,1,0,0,1,6,0.2869493217080613
5,B,0.8,20,300,bank_exhausted,0,1,0,0,0,6,0.2565638527861578
8,B,0.8,20,300,bank_exhausted,0,1,0,0,0,6,0.30017761451269465
10,B,0.8,20,183,all_resolved,1,1,0,0,1,6,0.48992763687700774
1,B,0.8,21,204,all_active_resolved,0,1,0,0,2,6,0.5644307048341937
2,B,0.8,21,227,all_resolved,1,1,0,0,2,6,0.36551900761606854
3,B,0.8,21,300,bank_exhausted,0,1,0,0,0,6,0.31965908513307273
5,B,0.8,21,196,all_active_resolved,0,1,0,0,0,6,0.2958321663481697
8,B,0.8,21,179,all_resolved,1,1,0,0,0,6,0.2813527607457266
10,B,0.8,21,285,all_resolved,1,1,0,0,0,6,0.22932061776819582
1,B,0.8,22,147,all_resolved,1,1,0,0,0,6,0.22945904345695686
2,B,0.8,22,300,bank_exhausted,0,1,0,0,0,6,0.23685855997978672
3,B,0.8,22,223,all_active_resolved,0,1,0,0,1,6,0.3840750630658042
5,B,0.8,22,219,all_active_resolved,0,1,0,0,1,6,0.40910682656383823
8,B,0.8,22,196,all_active_resolved,0,1,0,0,0,6,0.31516447470905173
10,B,0.8,22,300,bank_exhausted,0,1,0,0,0,6,0.33517777788386866
1,B,0.8,23,300,bank_exhausted,0,1,0,0,0,6,0.33852184209089875
2,B,0.8,23,300,bank_exhausted,0,1,0,0,1,6,0.32586998684330887
3,B,0.8,23,201,all_resolved,1,1,0,0,1,6,0.2691043115755857
5,B,0.8,23,204,all_active_resolved,0,1,0,0,2,6,0.381738734241251
8,B,0.8,23,208,all_resolved,1,1,0,0,2,6,0.3441647475320269
10,B,0.8,23,252,all_resolved,1,1,0,0,0,6,0.13178493465230476
1,B,0.8,24,202,all_active_resolved,0,1,0,0,1,6,0.3743601700130864
2,B,0.8,24,300,bank_exhausted,0,1,0,0,2,6,0.3529763134300576
3,B,0.8,24,202,all_resolved,1,1,0,0,1,6,0.3121987618968107
5,B,0.8,24,300,bank_exhausted,0,1,0,0,0,6,0.3522966509456433
8,B,0.8,24,300,bank_exhausted,0,1,0,0,0,6,0.2144666371976898
10,B,0.8,24,223,all_resolved,1,1,0,0,1,6,0.32995609769806084
1,B,0.8,25,163,all_resolved,1,1,0,0,0,6,0.44615628729370155
2,B,0.8,25,300,bank_exhausted,0,1,0,0,0,6,0.42663659839706564
3,B,0.8,25,225,all_active_resolved,0,1,0,0,1,6,0.3583650389398879
5,B,0.8,25,249,all_resolved,1,1,0,0,1,6,0.28793728046435557
8,B,0.8,25,300,bank_exhausted,0,1,0,0,3,6,0.4973732273960785
10,B,0.8,25,300,bank_exhausted,0,1,0,0,0,6,0.250454677450378
1,B,1.2,0,140,all_resolved,1,1,0,0,0,7,0.24556021267001363
2,B,1.2,0,295,all_resolved,1,1,0,0,0,7,0.16209670034662066
3,B,1.2,0,146,all_resolved,1,1,0,0,0,7,0.24107417197322062
5,B,1.2,0,171,all_resolved,1,1,0,0,1,7,0.29852860329861297
8,B,1.2,0,173,all_resolved,1,1,0,0,0,7,0.26300831402206687
10,B,1.2,0,157,all_resolved,1,1,0,0,0,7,0.10630987119079771
1,B,1.2,1,222,all_resolved,1,1,0,0,1,7,0.34786648786545277
2,B,1.2,1,211,all_resolved,1,1,0,0,0,7,0.24943141387786724
3,B,1.2,1,157,all_resolved,1,1,0,0,0,7,0.21063121209487617
5,B,1.2,1,168,all_resolved,1,1,0,0,0,7,0.24100296048748335
8,B,1.2,1,194,all_active_resolved,0,1,0,0,1,7,0.33165743708442885
10,B,1.2,1,154,all_resolved,1,1,0,0,0,7,0.2324520716276523
1,B,1.2,2,300,bank_exhausted,0,1,0,0,0,7,0.28484100626040754
2,B,1.2,2,187,all_active_resolved,0,1,0,0,0,7,0.2508254485307935
3,B,1.2,2,188,all_resolved,1,1,0,0,0,7,0.23436035066872202
5,B,1.2,2,186,all_active_resolved,0,1,0,0,1,7,0.5097245375270792
8,B,1.2,2,180,all_active_resolved,0,1,0,0,0,7,0.32797589731077437
10,B,1.2,2,157,all_resolved,1,1,0,0,0,7,0.24995627087304156
1,B,1.2,3,149,all_resolved,1,1,0,0,0,7,0.09598007372650555
2,B,1.2,3,234,all_active_resolved,0,1,0,0,0,7,0.23388422496989034
3,B,1.2,3,191,all_active_resolved,0,1,0,0,0,7,0.28712181269861087
5,B,1.2,3,219,all_active_resolved,0,1,0,0,0,7,0.21526145669066094
8,B,1.2,3,180,all_active_resolved,0,1,0,0,0,7,0.2968542158648781
10,B,1.2,3,183,all_resolved,1,1,0,0,0,7,0.21743087479688122
1,B,1.2,4,173,all_resolved,1,1,0,0,0,7,0.1925845108563564
2,B,1.2,4,151,all_resolved,1,1,0,0,0,7,0.14483271056137542
3,B,1.2,4,160,all_resolved,1,1,0,0,0,7,0.15266910700375927
5,B,1.2,4,140,all_resolved,1,1,0,0,0,7,0.16607405499300917
8,B,1.2,4,140,all_resolved,1,1,0,0,0,7,0.2853332249668513
10,B,1.2,4,143,all_resolved,1,1,0,0,0,7,0.23514147470883023
1,B,1.2,5,159,all_resolved,1,1,0,0,1,7,0.342681239223625
2,B,1.2,5,300,bank_exhausted,0,1,0,0,0,7,0.3170933047542646
3,B,1.2,5,144,all_resolved,1,1,0,0,0,7,0.20313417573965356
5,B,1.2,5,223,all_active_resolved,0,1,0,0,0,7,0.3117427287478617
8,B,1.2,5,236,all_active_resolved,0,1,0,0,0,7,0.31858309853270417
10,B,1.2,5,140,all_resolved,1,1,0,0,0,7,0.2280187200528783
1,B,1.2,6,199,all_resolved,1,1,0,0,0,7,0.154122491136253
2,B,1.2,6,152,all_resolved,1,1,0,0,0,7,0.13402020517141328
3,B,1.2,6,167,all_resolved,1,1,0,0,0,7,0.17762554707451103
5,B,1.2,6,154,all_resolved,1,1,0,0,0,7,0.2605338277959177
8,B,1.2,6,172,all_resolved,1,1,0,0,0,7,0.1896908685073048
10,B,1.2,6,191,all_resolved,1,1,0,0,0,7,0.3400804866874679
1,B,1.2,7,180,all_active_resolved,0,1,0,0,0,7,0.2835073893953092
2,B,1.2,7,300,bank_exhausted,0,1,0,0,0,7,0.2812390582376857
3,B,1.2,7,164,all_resolved,1,1,0,0,0,7,0.19215926096519825
5,B,1.2,7,163,all_resolved,1,1,0,0,0,7,0.16927070639835567
8,B,1.2,7,180,all_resolved,1,1,0,0,0,7,0.36073814946456134
10,B,1.2,7,211,all_resolved,1,1,0,0,0,7,0.28705397763142965
1,B,1.2,8,143,all_resolved,1,1,0,0,2,7,0.4649545015161986
2,B,1.2,8,300,bank_exhausted,0,1,0,0,1,7,0.5360261130815138
3,B,1.2,8,300,bank_exhausted,0,1,0,0,1,7,0.4107102947921636
5,B,1.2,8,173,all_resolved,1,1,0,0,1,7,0.3929074054195953
8,B,1.2,8,284,all_resolved,1,1,0,0,1,7,0.2988775285159249
10,B,1.2,8,300,bank_exhausted,0,1,0,0,1,7,0.4464677473561061
1,B,1.2,9,174,all_resolved,1,1,0,0,0,7,0.22748516235844443
2,B,1.2,9,300,bank_exhausted,0,1,0,0,1,7,0.47939109658044693
3,B,1.2,9,190,all_resolved,1,1,0,0,1,7,0.37909883464435634
5,B,1.2,9,166,all_resolved,1,1,0,0,0,7,0.3030596344304634
8,B,1.2,9,164,all_resolved,1,1,0,0,0,7,0.18980724400157092
10,B,1.2,9,141,all_resolved,1,1,0,0,1,7,0.23808137090857864
1,B,1.2,10,300,bank_exhausted,0,1,0,0,1,7,0.4565391446778704
2,B,1.2,10,178,all_resolved,1,1,0,0,1,7,0.28610303975078344
3,B,1.2,10,177,all_resolved,1,1,0,0,0,7,0.20126639263278495
5,B,1.2,10,229,all_active_resolved,0,1,0,0,0,7,0.30740036607148497
8,B,1.2,10,206,all_active_resolved,0,1,0,0,0,7,0.24178807632885274
10,B,1.2,10,199,all_active_resolved,0,1,0,0,1,7,0.4855165898875252
1,B,1.2,11,195,all_resolved,1,1,0,0,0,7,0.21985047917154993
2,B,1.2,11,227,all_resolved,1,1,0,0,0,7,0.20238541252594228
3,B,1.2,11,165,all_resolved,1,1,0,0,0,7,0.2088600813908915
5,B,1.2,11,198,all_resolved,1,1,0,0,0,7,0.2617796175998213
8,B,1.2,11,162,all_resolved,1,1,0,0,1,7,0.33480733235551846
10,B,1.2,11,150,all_resolved,1,1,0,0,0,7,0.1702302326011253
1,B,1.2,12,300,bank_exhausted,0,1,0,0,0,7,0.3495444828476325
2,B,1.2,12,177,all_resolved,1,1,0,0,0,7,0.1939111289044483
3,B,1.2,12,184,all_active_resolved,0,1,0,0,0,7,0.1809225196926494
5,B,1.2,12,199,all_resolved,1,1,0,0,0,7,0.31504380990576575
8,B,1.2,12,247,all_resolved,1,1,0,0,1,7,0.3993698427065202
10,B,1.2,12,297,all_resolved,1,1,0,0,0,7,0.2861904912283978
1,B,1.2,13,195,all_resolved,1,1,0,0,0,7,0.21507620626680352
2,B,1.2,13,192,all_resolved,1,1,0,0,1,7,0.29420848376566944
3,B,1.2,13,173,all_resolved,1,1,0,0,0,7,0.18189641532503892
5,B,1.2,13,167,all_resolved,1,1,0,0,1,7,0.35165101666755433
8,B,1.2,13,271,all_resolved,1,1,0,0,0,7,0.2667322451037511
10,B,1.2,13,145,all_resolved,1,1,0,0,0,7,0.24088631473642239
1,B,1.2,14,154,all_resolved,1,1,0,0,0,7,0.24355592675634913
2,B,1.2,14,221,all_resolved,1,1,0,0,1,7,0.31463214969118886
3,B,1.2,14,200,all_resolved,1,1,0,0,0,7,0.1967837279908343
5,B,1.2,14,158,all_resolved,1,1,0,0,0,7,0.2113312151020769
8,B,1.2,14,215,all_resolved,1,1,0,0,0,7,0.29618895482337804
10,B,1.2,14,173,all_resolved,1,1,0,0,0,7,0.20145280555865314
1,B,1.2,15,185,all_resolved,1,1,0,0,0,7,0.1492841910168113
2,B,1.2,15,181,all_active_resolved,0,1,0,0,0,7,0.2088119481796941
3,B,1.2,15,141,all_resolved,1,1,0,0,1,7,0.3649558275760508
5,B,1.2,15,256,all_resolved,1,1,0,0,0,7,0.15541131929068502
8,B,1.2,15,288,all_active_resolved,0,1,0,0,0,7,0.30760790857345927
10,B,1.2,15,148,all_resolved,1,1,0,0,0,7,0.17943398653617443
1,B,1.2,16,300,bank_exhausted,0,1,0,0,0,7,0.23706707982543315
2,B,1.2,16,189,all_resolved,1,1,0,0,1,7,0.31294023162424495
3,B,1.2,16,182,all_resolved,1,1,0,0,0,7,0.1764687952102925
5,B,1.2,16,297,all_resolved,1,1,0,0,0,7,0.2129696575069768
8,B,1.2,16,176,all_resolved,1,1,0,0,0,7,0.19043825296387892
10,B,1.2,16,265,all_resolved,1,1,0,0,0,7,0.14489598657194153
1,B,1.2,17,285,all_active_resolved,0,1,0,0,0,7,0.26894067365806834
2,B,1.2,17,195,all_active_resolved,0,1,0,0,1,7,0.33893623273906315
3,B,1.2,17,269,all_active_resolved,0,1,0,0,1,7,0.550754604014789
5,B,1.2,17,161,all_resolved,1,1,0,0,0,7,0.17319588031972
8,B,1.2,17,182,all_resolved,1,1,0,0,0,7,0.2829296411812902
10,B,1.2,17,144,all_resolved,1,1,0,0,1,7,0.32774242055787994
1,B,1.2,18,235,all_active_resolved,0,1,0,0,0,7,0.24919775166700883
2,B,1.2,18,183,all_resolved,1,1,0,0,0,7,0.17909459053445453
3,B,1.2,18,269,all_resolved,1,1,0,0,1,7,0.32311260315837625
5,B,1.2,18,179,all_resolved,1,1,0,0,0,7,0.21230874490704996
8,B,1.2,18,184,all_active_resolved,0,1,0,0,0,7,0.354308611491303
10,B,1.2,18,218,all_active_resolved,0,1,0,0,0,7,0.23978273914959455
1,B,1.2,19,300,bank_exhausted,0,1,0,0,0,7,0.22520617335799228
2,B,1.2,19,168,all_resolved,1,1,0,0,0,7,0.18361065510999403
3,B,1.2,19,187,all_resolved,1,1,0,0,0,7,0.19277473335495784
5,B,1.2,19,180,all_active_resolved,0,1,0,0,0,7,0.4016465666988692
8,B,1.2,19,146,all_resolved,1,1,0,0,0,7,0.18980561805958246
10,B,1.2,19,240,all_active_resolved,0,1,0,0,0,7,0.3607350098359846
1,B,1.2,20,300,bank_exhausted,0,1,0,0,0,7,0.25945564388064807
2,B,1.2,20,180,all_active_resolved,0,1,0,0,0,7,0.2657818093995276
3,B,1.2,20,180,all_active_resolved,0,1,0,0,0,7,0.22499458152849652
5,B,1.2,20,172,all_resolved,1,1,0,0,0,7,0.10077482462921852
8,B,1.2,20,172,all_resolved,1,1,0,0,0,7,0.22699917165686642
10,B,1.2,20,260,all_active_resolved,0,1,0,0,0,7,0.416841226235877
1,B,1.2,21,152,all_resolved,1,1,0,0,1,7,0.26265824574131863
2,B,1.2,21,263,all_resolved,1,1,0,0,0,7,0.2813282851143318
3,B,1.2,21,188,all_resolved,1,1,0,0,0,7,0.2432611087599092
5,B,1.2,21,150,all_resolved,1,1,0,0,1,7,0.330820992701455
8,B,1.2,21,158,all_resolved,1,1,0,0,1,7,0.339459861806903
10,B,1.2,21,155,all_resolved,1,1,0,0,0,7,0.22635747111998802
1,B,1.2,22,219,all_resolved,1,1,0,0,0,7,0.1590230863368978
2,B,1.2,22,166,all_resolved,1,1,0,0,0,7,0.15750316827821487
3,B,1.2,22,143,all_resolved,1,1,0,0,0,7,0.13289078244984226
5,B,1.2,22,140,all_resolved,1,1,0,0,0,7,0.24393480138391288
8,B,1.2,22,172,all_resolved,1,1,0,0,0,7,0.18664907562786834
10,B,1.2,22,164,all_resolved,1,1,0,0,0,7,0.2340356599196227
1,B,1.2,23,300,bank_exhausted,0,1,0,0,0,7,0.3199129115176917
2,B,1.2,23,181,all_active_resolved,0,1,0,0,0,7,0.2129117612617129
3,B,1.2,23,169,all_resolved,1,1,0,0,0,7,0.196191974950211
5,B,1.2,23,162,all_resolved,1,1,0,0,0,7,0.2568512392217176
8,B,1.2,23,258,all_resolved,1,1,0,0,0,7,0.18811932674848025
10,B,1.2,23,162,all_resolved,1,1,0,0,0,7,0.3075380941936719
1,B,1.2,24,300,bank_exhausted,0,1,0,0,1,7,0.47065227021741146
2,B,1.2,24,151,all_resolved,1,1,0,0,0,7,0.15361297954542502
3,B,1.2,24,300,bank_exhausted,0,1,0,0,0,7,0.2956221454477871
5,B,1.2,24,198,all_resolved,1,1,0,0,0,7,0.17591042322118056
8,B,1.2,24,154,all_resolved,1,1,0,0,0,7,0.26011010513700167
10,B,1.2,24,300,bank_exhausted,0,1,0,0,0,7,0.32082211773737807
1,B,1.2,25,300,bank_exhausted,0,1,0,0,1,7,0.4154487369279914
2,B,1.2,25,300,bank_exhausted,0,1,0,0,1,7,0.3247468863099626
3,B,1.2,25,153,all_resolved,1,1,0,0,0,7,0.21610212532002088
5,B,1.2,25,156,all_resolved,1,1,0,0,1,7,0.4366408569136996
8,B,1.2,25,181,all_resolved,1,1,0,0,0,7,0.20927192533205524
10,B,1.2,25,145,all_resolved,1,1,0,0,0,7,0.1819379394232528
